target_acc,asm_acc
PDT000387361.1,GCA_003595955.1
PDT001416163.1,GCA_025153245.1
PDT001788163.1,GCA_031114755.1
PDT001602661.3,GCA_028461025.3
PDT001671961.1,GCA_029441335.1
PDT000359897.1,GCA_003356085.1
PDT002392245.1,GCA_042146535.1
PDT002364321.1,GCA_041765645.1
PDT001839626.2,GCA_031102685.2
PDT001971194.1,GCA_033345255.1
PDT001322319.3,GCA_023682415.3
PDT001505870.1,GCA_026566015.1
PDT002239506.1,GCA_040444165.1
PDT002263395.1,GCA_040825435.1
PDT001116133.3,GCA_019743955.3
PDT000850582.3,GCA_016479985.3
PDT002078263.1,GCA_036622255.1
PDT001923513.2,GCA_032633765.2
PDT001001315.3,GCA_017835815.3
PDT002391655.1,
PDT001353800.3,GCA_024175605.3
PDT001673414.1,GCA_029541025.1
PDT002391727.1,
PDT001505875.1,GCA_026565935.1
PDT000647884.1,GCA_009759915.1
PDT000534413.1,GCA_006492625.1
PDT001695696.1,GCA_029841815.1
PDT002391610.1,
PDT002388903.1,GCA_042142335.1
PDT001232694.3,GCA_021724975.3
PDT002392253.1,GCA_042151695.1
PDT002049972.1,GCA_035514435.1
PDT002391679.1,
PDT001147064.1,GCA_020254775.1
PDT001505504.1,
PDT002392234.1,GCA_042140585.1
PDT001435617.1,GCA_025406635.1
PDT002239852.1,GCA_040505835.1
PDT001336299.1,GCA_024025955.1
PDT001963312.2,GCA_033180545.2
PDT002275352.1,GCA_040943345.1
PDT002392230.1,GCA_042140485.1
PDT000431571.1,GCA_016510835.1
PDT001114962.1,GCA_019732935.1
PDT001276542.1,GCA_022967655.1
PDT000659764.1,GCA_016504685.1
PDT000173800.3,GCA_016514235.1
PDT000605847.1,GCA_008987045.1
PDT000045329.2,GCA_000794125.2
PDT000216839.1,GCA_002183365.1
PDT000865843.1,
PDT000361029.1,GCA_900444735.1
PDT002126765.1,
PDT002126933.1,
PDT000660214.1,
PDT000168492.1,GCA_900043995.1
PDT001292485.1,GCA_023004985.1
PDT000659941.1,
PDT000659421.1,
PDT000209068.1,GCA_002137715.1
PDT000751425.1,GCA_016485265.1
PDT000662637.1,GCA_009829525.1
PDT000595115.1,GCA_008709685.1
PDT000746590.1,
PDT000746970.1,
PDT000746654.1,
PDT000746295.1,
PDT000880224.1,
PDT001491410.1,
PDT001200253.1,
PDT002134038.1,
PDT001093815.1,GCA_019305605.1
PDT000712203.1,GCA_011603355.1
PDT000610922.1,GCA_009035845.1
PDT000659423.1,
PDT001873272.1,GCA_031183615.1
PDT002026716.1,GCA_034296835.1
PDT002277502.1,GCA_964206705.1
PDT001250799.1,GCA_022238475.1
PDT001671871.1,GCA_029437865.1
PDT000135592.1,GCA_001674865.1
PDT000135572.2,GCA_001674475.2
PDT001257334.3,GCA_022443945.3
PDT001373655.3,GCA_024538055.3
PDT001224750.3,GCA_028061695.3
PDT001443222.3,GCA_025601195.2
PDT001419969.3,GCA_025240785.3
PDT001278718.3,GCA_022915935.3
PDT001707478.3,GCA_031135165.2
PDT001456775.3,GCA_025777315.3
PDT001874972.2,GCA_031237045.2
PDT001779488.2,GCA_031130265.2
PDT001787974.2,GCA_031114995.2
PDT001143350.3,GCA_020218935.3
PDT001836877.2,
PDT002213449.1,GCA_040238025.1
PDT001614417.3,GCA_028623245.3
PDT001707476.3,GCA_031135205.2
PDT001506416.1,GCA_026555035.1
PDT001947751.2,GCA_032849225.2
PDT001707440.3,GCA_031143835.2
PDT001927856.2,GCA_032704685.2
PDT001741857.1,GCA_029714065.1
PDT001157075.7,GCA_020535525.4
PDT000868601.3,GCA_016475945.3
PDT001067683.3,GCA_018868585.3
PDT000091959.1,GCA_001399655.1
PDT000115298.2,GCA_016519525.2
PDT000114221.2,GCA_016525785.2
PDT000106790.2,GCA_016540865.2
PDT000369044.1,GCA_003431865.1
PDT000156213.1,GCA_001864165.1
PDT000659346.1,
PDT001095938.2,GCA_019316825.1
PDT000051199.2,GCA_000949055.2
PDT000092664.1,GCA_001415325.1
PDT001957266.1,GCA_033131155.1
PDT001187399.1,GCA_020991895.1
PDT000304621.1,GCA_003039415.1
PDT000929061.1,GCA_016508385.1
PDT000383121.1,GCA_003584505.1
PDT000417650.1,GCA_003940325.1
PDT002145416.1,GCA_038433745.1
PDT000600534.1,GCA_008806495.1
PDT001218768.1,GCA_021389375.1
PDT002239592.1,GCA_040494095.1
PDT001006730.1,GCA_017949435.1
PDT001006724.1,GCA_017949315.1
PDT001016876.1,GCA_018221375.1
PDT001006838.1,GCA_017951635.1
PDT002126775.1,
PDT001506235.1,GCA_026558815.1
PDT000870016.1,GCA_014947215.1
PDT000932745.1,GCA_016613625.1
PDT001046505.1,GCA_018443095.1
PDT001353207.1,GCA_024139095.1
PDT000945270.2,GCA_904886885.1
PDT002247701.1,GCA_040604135.1
PDT000746163.1,
PDT001218756.1,GCA_021389135.1
PDT001135538.1,GCA_020101435.1
PDT001360380.1,GCA_024259355.1
PDT001135589.1,GCA_020100915.1
PDT002345859.1,GCA_041534635.1
PDT001276640.1,GCA_022967015.1
PDT001845287.2,GCA_031101375.2
PDT002131959.1,GCA_037008665.2
PDT001443647.1,GCA_025603155.1
PDT001325523.1,GCA_023783025.1
PDT002345971.1,GCA_041536945.1
PDT001825577.2,GCA_030516795.1
PDT001127689.1,GCA_019920125.1
PDT001371134.1,
PDT001603127.1,GCA_028442625.1
PDT001898913.1,GCA_031875525.1
PDT001688591.1,GCA_029678785.1
PDT001603076.1,GCA_028441565.1
PDT001766015.1,GCA_030130795.1
PDT000725309.3,GCA_016490265.3
PDT001505712.1,GCA_026569115.1
PDT001771559.1,GCA_030197735.1
PDT001518571.1,GCA_026675935.1
PDT001957084.1,GCA_033134435.1
PDT001771503.1,GCA_030188495.1
PDT001820065.1,GCA_030485085.1
PDT002302003.1,GCA_041079835.1
PDT001294364.3,GCA_023121515.3
PDT001874285.1,GCA_031157905.1
PDT001653494.1,
PDT001595080.1,GCA_028177645.1
PDT002127183.1,GCA_037783605.1
PDT002072028.1,GCA_036350375.1
PDT000114322.2,GCA_016523595.2
PDT000605678.1,GCA_008976435.1
PDT001469768.1,GCA_025896035.1
PDT000097161.1,GCA_001457535.1
PDT001603013.1,GCA_028440335.1
PDT001603016.1,GCA_028440385.1
PDT000424079.1,GCA_016512815.1
PDT000442541.1,
PDT000660334.1,GCA_016498665.1
PDT000751391.1,GCA_016486005.1
PDT001194548.1,
PDT000355790.1,GCA_003345805.1
PDT000887017.1,
PDT001191480.1,
PDT000173834.2,GCA_016516965.2
PDT001364685.1,GCA_024369695.1
PDT001336291.1,GCA_024026175.1
PDT001506120.1,GCA_026561215.1
PDT001194566.1,
PDT002059619.1,GCA_958317565.1
PDT001616504.1,GCA_028658125.1
PDT000893175.1,GCA_016474575.1
PDT002056827.1,
PDT002326862.1,
PDT001253170.4,
PDT001106423.3,GCA_019506005.3
PDT000659454.1,
PDT001850801.2,
PDT002387604.1,
PDT001318189.3,GCA_023615485.3
PDT002025912.1,GCA_034330245.1
PDT002390117.1,GCA_042144905.1
PDT001850546.3,GCA_031100415.2
PDT002148301.1,GCA_038625245.1
PDT002094429.1,GCA_036905795.1
PDT001292970.3,GCA_023118615.3
PDT002097755.1,GCA_036988065.1
PDT002364857.1,GCA_041786255.1
PDT000526482.1,GCA_006367905.1
PDT000093830.1,GCA_001432705.1
PDT000092659.1,GCA_001415215.1
PDT000092700.1,GCA_001416035.1
PDT000114226.2,GCA_016525615.2
PDT000046796.3,GCA_000811885.3
PDT002342600.1,GCA_041526405.1
PDT000209067.1,GCA_002137695.1
PDT001147096.1,GCA_020255415.1
PDT000290036.1,GCA_002950895.1
PDT000642559.1,GCA_009737765.1
PDT000417643.1,GCA_003940015.1
PDT000623239.1,GCA_009497575.1
PDT000115284.2,GCA_016519945.2
PDT000626486.2,GCA_009645605.1
PDT002191009.1,
PDT001506195.1,GCA_026559635.1
PDT000892978.1,GCA_015536845.1
PDT000837119.1,GCA_014531745.1
PDT001205158.1,GCA_021174465.1
PDT001505681.1,GCA_026569775.1
PDT001691726.1,GCA_029774275.1
PDT001665449.1,
PDT001218586.1,GCA_021385715.1
PDT000526358.1,GCA_006365385.1
PDT001325895.1,GCA_023776255.1
PDT001502899.1,GCA_026473105.1
PDT001603121.1,GCA_028442505.1
PDT001010859.1,
PDT000863620.1,GCA_014881165.1
PDT001506291.1,GCA_026557435.1
PDT001506108.1,GCA_026561375.1
PDT001832187.1,GCA_030550955.1
PDT002045059.1,GCA_035022365.1
PDT001456700.3,GCA_025776755.3
PDT002239504.1,GCA_040444025.1
PDT002247491.1,GCA_040599935.1
PDT002247200.1,GCA_040593705.1
PDT001231347.1,GCA_021571585.1
PDT001251839.1,GCA_918856515.1
PDT002189152.1,GCA_040067405.1
PDT002250820.1,GCA_040698635.1
PDT002369342.1,GCA_041825445.1
PDT002126331.1,
PDT001791479.1,GCA_030345675.1
PDT001602999.1,GCA_028440065.1
PDT000424049.1,GCA_016513575.1
PDT001292515.1,GCA_023005665.1
PDT000659933.1,
PDT000634180.1,
PDT000632934.1,
PDT001193383.1,
PDT001192410.1,
PDT001191351.1,
PDT001665436.1,
PDT000123387.1,GCA_001612235.1
PDT002362301.1,GCA_041764695.1
PDT001577103.3,GCA_027992665.3
PDT001708718.3,GCA_031133525.2
PDT001157114.9,GCA_020559385.3
PDT001876313.2,GCA_031208775.2
PDT000659377.1,
PDT001544190.3,GCA_027264555.3
PDT001681817.3,GCA_029643625.3
PDT002152081.1,
PDT002098015.1,GCA_037008685.1
PDT000733211.3,GCA_016489965.3
PDT001151731.3,GCA_020519305.3
PDT001163987.3,GCA_020678325.3
PDT001456724.3,GCA_025777375.3
PDT001366640.3,GCA_024378315.3
PDT001001301.3,GCA_017836415.3
PDT001618637.3,GCA_028676055.3
PDT001351145.3,GCA_024133645.3
PDT002199156.1,GCA_040116665.1
PDT001172770.3,GCA_020824135.3
PDT001947780.2,GCA_032848665.2
PDT000152727.2,
PDT000115296.2,GCA_016519575.2
PDT000865811.1,
PDT000111421.2,GCA_016532925.2
PDT000156195.1,GCA_001863815.1
PDT000141114.1,GCA_001693125.1
PDT000209042.1,GCA_002137185.1
PDT001469761.1,GCA_025897775.1
PDT001847670.1,GCA_030705335.1
PDT000729675.1,GCA_012935105.1
PDT000679373.1,GCA_010179525.1
PDT000751400.1,GCA_016485745.1
PDT001837085.1,GCA_030553715.1
PDT001822717.1,GCA_031106995.1
PDT001231305.1,GCA_021570755.1
PDT001065606.1,GCA_018789655.1
PDT002059718.1,GCA_958319685.1
PDT000114669.2,GCA_016521395.2
PDT001283680.1,GCA_022938085.1
PDT002146104.1,GCA_038442575.1
PDT001603346.1,GCA_028447745.1
PDT001603082.1,GCA_028441725.1
PDT001639825.1,GCA_028753295.1
PDT001471018.1,GCA_025847295.1
PDT000659363.1,
PDT000887504.1,
PDT002152145.1,
PDT002113425.1,GCA_037173205.1
PDT000659502.1,
PDT002130014.1,
PDT002187367.1,GCA_040008755.1
PDT002316184.1,
PDT000173756.3,GCA_016515115.1
PDT000342119.2,GCA_900476965.2
PDT000342084.2,GCA_900476885.2
PDT002056786.1,
PDT001006933.1,GCA_017953535.1
PDT000751430.1,GCA_016485185.1
PDT000884530.1,
PDT001192404.1,
PDT001898885.1,GCA_031876065.1
PDT001292410.1,GCA_023002465.1
PDT001469773.1,GCA_025898365.1
PDT001241071.1,GCA_022017435.1
PDT002277497.1,GCA_964207005.1
PDT001356903.3,GCA_024210095.3
PDT001707461.3,GCA_031135385.2
PDT001419954.3,GCA_025240845.3
PDT001854842.2,GCA_031098375.2
PDT001860319.1,GCA_030850805.1
PDT001214303.3,GCA_021336735.3
PDT001359586.3,GCA_028058675.3
PDT001226522.3,GCA_021613155.3
PDT000897555.3,GCA_016473275.3
PDT001164100.3,GCA_020677005.3
PDT000092705.1,GCA_001416145.1
PDT000418825.1,GCA_003949635.1
PDT000222316.1,GCA_002212105.1
PDT000865920.1,GCA_016478525.1
PDT000893005.1,GCA_015537385.1
PDT000893013.1,GCA_015537525.1
PDT001006710.1,GCA_017949035.1
PDT001006742.1,GCA_017949715.1
PDT000893189.1,GCA_016474195.1
PDT001231254.1,GCA_021569735.1
PDT001200389.1,GCA_021138995.1
PDT001065597.1,GCA_018789475.1
PDT001135154.1,GCA_020107675.1
PDT000714776.1,
PDT001585634.1,GCA_028089095.1
PDT001065579.1,GCA_018788895.1
PDT001336467.1,GCA_023809625.1
PDT001873324.1,
PDT001593150.1,
PDT001695694.1,GCA_029840315.1
PDT001538569.1,GCA_027088095.1
PDT001426508.1,GCA_025245665.1
PDT001505956.1,GCA_026564315.1
PDT001505718.1,GCA_026568975.1
PDT001505742.1,GCA_026568535.1
PDT002123325.1,
PDT001940661.1,GCA_032737725.1
PDT001766176.1,GCA_030140425.1
PDT000287642.1,GCA_002928135.1
PDT002239569.1,GCA_040445885.1
PDT002152147.1,
PDT002179582.1,
PDT000173836.2,GCA_016516995.2
PDT000605813.1,GCA_008985085.1
PDT002126873.1,
PDT000659589.1,
PDT000633748.1,
PDT000633891.1,
PDT000711781.1,GCA_011602165.1
PDT000888573.1,
PDT001200600.1,
PDT002026697.1,GCA_034296475.1
PDT002059536.1,GCA_958315975.1
PDT001852780.1,GCA_031099315.1
PDT000660196.1,
PDT001835430.2,GCA_031104565.2
PDT001677747.3,GCA_029557625.3
PDT001229565.3,GCA_028061615.3
PDT002051188.1,GCA_035611015.1
PDT002231922.1,GCA_040356225.1
PDT001280226.1,GCA_022686025.2
PDT002230389.1,
PDT001164030.3,GCA_020677885.3
PDT002077320.1,GCA_036588665.1
PDT001725747.3,GCA_031132165.2
PDT000134714.1,GCA_001666225.1
PDT000106895.2,GCA_016538615.2
PDT000287629.1,GCA_002927895.1
PDT000144604.1,GCA_001704675.1
PDT000217700.1,GCA_002184365.1
PDT002345965.1,GCA_041536825.1
PDT001603018.1,GCA_028440415.1
PDT000642501.1,GCA_009736355.1
PDT000929065.1,GCA_016508505.1
PDT000387374.1,GCA_003596205.1
PDT000417655.1,GCA_003940875.1
PDT000418826.1,GCA_003949655.1
PDT000744614.1,GCA_013138435.1
PDT001506272.1,GCA_026557815.1
PDT001506407.1,GCA_026555115.1
PDT001577258.1,GCA_027854475.1
PDT001310076.1,GCA_023362275.1
PDT001383109.1,GCA_024633765.1
PDT001488347.1,GCA_026190515.1
PDT001766131.1,GCA_030139505.1
PDT002069402.1,GCA_036289665.1
PDT001820070.1,GCA_030485175.1
PDT002045074.1,GCA_035022685.1
PDT002152111.1,
PDT002152132.1,
PDT002026734.1,GCA_034297215.1
PDT002026700.1,GCA_034296535.1
PDT002247733.1,GCA_040604775.1
PDT002072016.1,GCA_036347995.1
PDT002134232.1,
PDT002179697.1,
PDT002230531.1,GCA_040304285.1
PDT000102170.1,GCA_001512235.1
PDT000441509.1,GCA_016508835.1
PDT002191029.1,
PDT000173758.3,GCA_016515095.1
PDT000659595.1,
PDT000632440.1,
PDT000424108.1,GCA_016512295.1
PDT001491596.1,
PDT000943843.1,
PDT002059617.1,GCA_958317545.1
PDT001898730.1,GCA_031877525.1
PDT002059834.1,GCA_958322015.1
PDT002059658.1,GCA_958318275.1
PDT001012184.3,GCA_018169455.3
PDT001370968.3,GCA_024468215.3
PDT001280208.1,GCA_022685945.2
PDT000899144.3,GCA_016471885.3
PDT000418817.1,GCA_003949405.1
PDT002062693.1,GCA_036054595.1
PDT001292889.3,GCA_023093175.3
PDT001986195.1,GCA_033727075.1
PDT001019282.3,GCA_018288095.3
PDT001419937.3,GCA_025239465.3
PDT001810483.2,GCA_031112085.2
PDT001676443.1,GCA_029047675.2
PDT000685912.1,GCA_010587545.1
PDT000106791.2,GCA_016540845.2
PDT000107081.2,GCA_016536425.2
PDT000342086.2,GCA_900476705.2
PDT000482878.1,GCA_004378625.1
PDT000209567.1,GCA_002145375.1
PDT000415846.1,GCA_003931755.1
PDT001695702.1,GCA_029847035.1
PDT001230578.1,GCA_021659295.1
PDT001066722.1,GCA_018831125.1
PDT000892987.1,GCA_015537035.1
PDT000914417.1,GCA_016055335.1
PDT000937784.1,GCA_016654305.1
PDT000751261.1,GCA_016487445.1
PDT001006743.1,GCA_017949725.1
PDT001396530.1,GCA_024732425.1
PDT001231417.1,GCA_021573035.1
PDT000714781.1,
PDT001603023.1,GCA_028440555.1
PDT001292475.1,GCA_023004785.1
PDT001577285.1,GCA_027855445.1
PDT001952726.1,GCA_032940305.1
PDT001795324.1,
PDT001602982.1,GCA_028439235.1
PDT001506018.1,GCA_026563135.1
PDT001355206.1,GCA_024151885.1
PDT001506026.1,GCA_026562975.1
PDT001940671.1,GCA_032741315.1
PDT001771562.1,GCA_030197835.1
PDT001686693.1,GCA_029678095.1
PDT001852468.1,GCA_030756205.1
PDT002239540.1,GCA_040445335.1
PDT002239581.1,GCA_040446365.1
PDT002101968.1,GCA_037046515.1
PDT002113372.1,GCA_037171345.1
PDT002250824.1,GCA_040698665.1
PDT000173752.3,GCA_016515225.1
PDT000173848.2,GCA_016516615.2
PDT000441481.1,GCA_016509695.1
PDT000444123.1,GCA_016507585.1
PDT002126983.1,
PDT000714792.1,
PDT000879069.1,
PDT000725025.1,GCA_016496845.1
PDT000659566.1,
PDT000633754.1,
PDT000880327.1,
PDT000886994.1,
PDT001191744.2,
PDT001383222.1,GCA_024618375.1
PDT000387363.1,GCA_003595985.1
PDT001873267.1,GCA_031183755.1
PDT001617024.1,GCA_028659975.1
PDT001231318.1,GCA_021571015.1
PDT002059757.1,GCA_958320445.1
PDT002059768.1,GCA_958320635.1
PDT001953048.2,GCA_033028645.2
PDT001676446.1,GCA_029033725.2
PDT001695064.3,GCA_031137235.2
PDT001664912.3,GCA_029328355.3
PDT001352966.3,GCA_024164525.3
PDT001352868.3,GCA_024146225.3
PDT000850551.3,GCA_016480395.3
PDT001276250.3,GCA_022948775.3
PDT001151738.3,GCA_020518845.3
PDT001523372.3,GCA_028056565.3
PDT000209518.1,GCA_002143755.1
PDT001961330.1,GCA_033102235.1
PDT000714798.1,
PDT001127697.1,GCA_019920385.1
PDT001505698.1,GCA_026569395.1
PDT000209528.1,GCA_002143955.1
PDT000659390.1,
PDT002085680.1,
PDT001603166.1,GCA_028443405.1
PDT001691724.1,GCA_029774195.1
PDT001549639.1,GCA_027257615.1
PDT001766031.1,GCA_030131125.1
PDT001766009.1,GCA_030130685.1
PDT002294593.1,GCA_041082415.1
PDT001505911.1,GCA_026565205.1
PDT000863571.1,GCA_014880195.1
PDT001924531.1,GCA_032618875.1
PDT002026746.1,GCA_034318785.1
PDT001250788.1,GCA_022237585.1
PDT002129974.1,
PDT002086212.1,GCA_036860735.1
PDT002230562.1,GCA_040328215.1
PDT002230493.1,GCA_040301105.1
PDT001603007.1,GCA_028440225.1
PDT000659385.1,
PDT001580175.1,GCA_027890475.1
PDT000945235.2,GCA_904884485.1
PDT002094391.1,GCA_036893865.1
PDT001493601.1,GCA_026349335.1
PDT001492987.1,GCA_026301315.1
PDT001665441.1,
PDT001585381.1,GCA_028095385.1
PDT000046696.3,GCA_000809825.3
PDT001207880.4,GCA_021246205.3
PDT001770993.2,GCA_031131365.2
PDT002263544.1,GCA_040829275.1
PDT001198459.3,GCA_021115675.3
PDT001817551.2,GCA_031108915.2
PDT002068896.2,GCA_036363125.2
PDT001882434.2,GCA_031435345.2
PDT001248843.3,GCA_022217765.3
PDT000107129.2,GCA_016535775.2
PDT001512442.1,GCA_026622805.1
PDT000209092.1,GCA_002138175.1
PDT000662375.1,GCA_016497425.1
PDT000929036.1,GCA_016506685.1
PDT000431538.1,GCA_016510475.1
PDT000417636.1,GCA_003939645.1
PDT000837078.1,GCA_014530885.1
PDT000893174.1,GCA_016474585.1
PDT000914427.1,GCA_016056045.1
PDT001065584.1,GCA_018789075.1
PDT001292453.1,GCA_023004335.1
PDT001065600.1,GCA_018789525.1
PDT001952743.1,GCA_032941005.1
PDT001593366.1,
PDT001603144.1,GCA_028442965.1
PDT001877151.1,GCA_031196065.1
PDT002152144.1,
PDT002036476.1,GCA_034578615.1
PDT002389077.1,GCA_042055485.1
PDT002098395.1,
PDT002336476.1,
PDT001044091.1,GCA_018422645.1
PDT000659395.1,
PDT000920820.1,
PDT000945224.2,GCA_904884465.1
PDT001201022.1,
PDT002026702.1,GCA_034296575.1
PDT001898722.1,GCA_031877665.1
PDT001046506.1,GCA_018443625.1
PDT000893767.3,GCA_016473655.3
PDT001505917.1,GCA_026565105.1
PDT001114947.1,GCA_019728415.1
PDT001374690.3,GCA_024574815.3
PDT001306764.3,GCA_023351975.3
PDT001253776.3,GCA_022383175.3
PDT001876741.2,GCA_031309165.2
PDT002381645.1,
PDT001398085.3,GCA_024865565.3
PDT000093832.1,GCA_001432755.1
PDT002262253.1,GCA_040810915.1
PDT000114262.2,GCA_016524875.2
PDT000209498.1,GCA_002143345.1
PDT000797566.1,GCA_013618855.1
PDT000534466.1,GCA_006493705.1
PDT001506257.1,GCA_026558355.1
PDT002086207.1,GCA_036858175.1
PDT001231235.1,GCA_021569355.1
PDT001044095.1,GCA_018422895.1
PDT001355189.1,GCA_024151535.1
PDT001218788.1,GCA_021389755.1
PDT001994801.1,GCA_033879075.1
PDT001435598.1,GCA_025406265.1
PDT001383206.1,
PDT000707291.2,GCA_011067065.1
PDT001898908.1,GCA_031875645.1
PDT001312762.1,GCA_023498875.1
PDT001321069.1,GCA_023606345.1
PDT001603064.1,GCA_028441365.1
PDT001766041.1,GCA_030131325.1
PDT001506385.1,GCA_026555395.1
PDT001877140.1,GCA_031195855.1
PDT001860340.1,GCA_030851565.1
PDT002140770.1,
PDT002230517.1,GCA_040301585.1
PDT000050007.1,GCA_000876095.1
PDT000173847.2,GCA_016516715.2
PDT000633677.1,
PDT000176202.2,GCA_016515635.2
PDT002056799.1,
PDT000354364.1,GCA_900495505.1
PDT000662295.1,GCA_016844865.1
PDT000866579.1,GCA_016476745.1
PDT000746928.1,
PDT000887081.1,
PDT001191466.1,
PDT000887064.1,
PDT000510459.1,GCA_005819475.1
PDT000432669.1,
PDT000679361.1,GCA_010179275.1
PDT001251840.1,GCA_918856805.1
PDT001502690.1,GCA_026437655.1
PDT000937787.1,GCA_016654365.1
PDT002314017.1,
PDT001544175.3,GCA_027264795.3
PDT001001318.3,GCA_017835835.3
PDT001248844.3,GCA_022217785.3
PDT001817598.2,GCA_031108895.2
PDT001374618.3,GCA_024573135.3
PDT001114955.1,GCA_019732955.1
PDT001106422.3,GCA_019507145.3
PDT002233262.1,GCA_040411055.1
PDT001173445.3,GCA_020838205.3
PDT000092720.1,GCA_001416425.1
PDT001336328.1,GCA_024025515.1
PDT000128882.1,GCA_001636235.1
PDT000216791.1,GCA_002182365.1
PDT000216826.1,GCA_002183105.1
PDT001253201.4,
PDT001147079.1,GCA_020255075.1
PDT001231286.1,GCA_021570375.1
PDT001610216.1,GCA_028549625.1
PDT001218604.1,GCA_021386075.1
PDT002173343.1,GCA_037008745.2
PDT001965177.1,GCA_033187155.1
PDT002025906.1,GCA_034330385.1
PDT000929037.1,GCA_016506655.1
PDT001820117.1,GCA_030486125.1
PDT001947741.2,GCA_032849445.2
PDT002239526.1,GCA_040445005.1
PDT000660188.1,
PDT000424043.1,GCA_016513475.1
PDT001898731.1,GCA_031877505.1
PDT000354480.1,GCA_900496585.1
PDT001609439.3,GCA_028543015.3
PDT000885148.1,
PDT001194485.1,
PDT000534469.1,GCA_006493755.1
PDT001001273.3,GCA_017836175.3
PDT001876145.2,GCA_031214105.2
PDT002332850.1,GCA_041412435.1
PDT002067958.1,GCA_036464595.1
PDT002045995.1,GCA_035077025.1
PDT000899151.3,GCA_016471835.3
PDT001835432.2,GCA_031104545.2
PDT001019448.3,GCA_018285455.3
PDT001322313.3,GCA_023770865.3
PDT001164078.3,GCA_020677305.3
PDT002020962.1,GCA_034260695.1
PDT002118667.1,GCA_037430625.1
PDT002148283.1,GCA_038626135.1
PDT001615608.3,GCA_028638585.3
PDT000111927.1,GCA_001578145.1
PDT000208235.1,GCA_002119285.1
PDT000046755.3,GCA_000811065.3
PDT000595116.1,GCA_008709745.1
PDT000480735.1,GCA_004357295.1
PDT000418794.1,GCA_003948915.1
PDT001200400.1,GCA_021139135.1
PDT001225603.1,GCA_021506655.1
PDT001218779.1,GCA_021389585.1
PDT000510388.1,GCA_005785665.1
PDT001278473.1,GCA_022809535.1
PDT001824830.1,
PDT001795778.1,GCA_030377535.1
PDT001825575.2,GCA_030516785.1
PDT001603343.1,GCA_028447685.1
PDT001506209.1,GCA_026559375.1
PDT002152128.1,
PDT002239515.1,GCA_040444485.1
PDT001956988.1,GCA_033136905.1
PDT002036445.1,GCA_034507695.1
PDT002097539.1,
PDT001445219.1,GCA_025598935.1
PDT002261649.1,GCA_040790335.1
PDT000342134.2,GCA_900477055.2
PDT000660177.1,
PDT000354392.1,GCA_900495735.1
PDT000633867.1,
PDT000882519.1,
PDT001192545.1,
PDT002075034.1,GCA_036528415.1
PDT001491742.1,
PDT001898904.1,GCA_031875725.1
PDT000964963.1,GCA_016888585.1
PDT001328030.3,GCA_023800375.3
PDT001159216.3,GCA_020576125.3
PDT000899125.3,GCA_016472035.3
PDT001164340.4,GCA_020680825.3
PDT001649935.3,GCA_028937505.3
PDT000898430.3,GCA_016472495.3
PDT000104537.1,GCA_001541685.1
PDT000094624.1,GCA_001441405.1
PDT000114220.2,GCA_016700475.2
PDT000114267.2,GCA_016524845.2
PDT000642518.1,GCA_009736705.1
PDT000431524.1,GCA_016511395.1
PDT000417647.1,GCA_003940105.1
PDT001362926.1,GCA_024295235.1
PDT002172108.1,GCA_039715375.1
PDT001127694.1,GCA_019920215.1
PDT000980429.1,GCA_017168655.1
PDT000857487.1,GCA_014858045.1
PDT001506034.1,GCA_026562795.1
PDT001231346.1,GCA_021571575.1
PDT000866540.1,GCA_016477265.1
PDT002169715.1,GCA_039677725.1
PDT000605740.1,GCA_008981025.1
PDT002029813.1,GCA_034365785.1
PDT001766014.1,GCA_030130785.1
PDT002098515.1,GCA_037004545.1
PDT002152115.1,
PDT002152078.1,
PDT002152141.1,
PDT001957325.1,GCA_033129905.1
PDT002247308.1,GCA_040596895.1
PDT002247442.1,GCA_040598955.1
PDT002344717.1,
PDT000424132.1,GCA_016511915.1
PDT000746468.1,
PDT001194218.1,
PDT001192408.1,
PDT001262791.1,GCA_022544875.1
PDT001994808.1,GCA_033878915.1
PDT000928420.3,GCA_016545005.3
PDT002337399.1,
PDT001114956.1,GCA_019724915.1
PDT001264587.3,GCA_022587215.3
PDT002139406.1,GCA_038292105.1
PDT000114333.2,GCA_016523295.2
PDT000209035.1,GCA_002137045.1
PDT000503286.1,GCA_005298065.1
PDT001952730.1,GCA_032940475.1
PDT000632666.1,
PDT000729676.1,GCA_012935125.1
PDT000659539.1,
PDT000837941.1,GCA_014560305.1
PDT001095966.2,GCA_019323825.1
PDT002168806.1,GCA_039658655.1
PDT001383129.1,GCA_024617105.1
PDT001283635.1,GCA_022934525.1
PDT001465495.1,GCA_025849535.1
PDT001469581.1,GCA_025895805.1
PDT001792480.1,GCA_030363935.1
PDT002152098.1,
PDT002152080.1,
PDT002129970.1,
PDT002140768.1,
PDT000354312.1,GCA_900494775.1
PDT000659555.1,
PDT001491595.1,
PDT001493692.1,GCA_026348275.1
PDT000659582.1,
PDT002059548.1,GCA_958316315.1
PDT000980437.1,GCA_017169025.1
PDT001671874.1,GCA_029437945.1
PDT002365249.1,GCA_041888965.1
PDT002078316.1,GCA_036624365.1
PDT001174148.3,GCA_020863725.3
PDT001306059.3,GCA_023351635.3
PDT000534390.1,GCA_006492155.1
PDT000209048.1,GCA_002137295.1
PDT001673397.1,GCA_029541145.1
PDT000751402.1,GCA_016485725.1
PDT001505749.1,GCA_026568435.1
PDT001383116.1,GCA_024617405.1
PDT001258868.2,GCA_022459115.2
PDT001258873.1,GCA_022459415.1
PDT001795784.1,GCA_030377635.1
PDT001436823.1,GCA_025456805.1
PDT001603243.1,GCA_028444935.1
PDT001825565.2,GCA_030516585.1
PDT002247531.1,GCA_040600715.1
PDT002179592.1,
PDT002386150.1,GCA_041930545.1
PDT000660366.1,
PDT000660220.1,
PDT000442647.1,
PDT000659931.1,
PDT000885075.1,
PDT000510439.1,GCA_005819085.1
PDT001010870.1,
PDT001590672.1,
PDT001898879.1,GCA_031876185.1
PDT001506159.1,GCA_026560435.1
PDT001094418.3,GCA_019317585.3
PDT001590831.3,GCA_028169705.3
PDT001157527.8,GCA_020551645.3
PDT001148904.3,GCA_020463855.3
PDT001473384.3,GCA_028057355.3
PDT001115057.1,GCA_019725235.1
PDT000287633.1,GCA_002927965.1
PDT000304619.1,GCA_003039375.1
PDT000431512.1,GCA_016511655.1
PDT002172106.1,GCA_039715305.1
PDT001006855.1,GCA_017951975.1
PDT000837921.1,GCA_014531155.1
PDT001258903.2,GCA_022468645.2
PDT001741469.1,GCA_029713985.1
PDT001506220.1,GCA_026559175.1
PDT001506012.1,GCA_026563235.1
PDT001163994.3,GCA_020678205.3
PDT001820074.1,GCA_030485265.1
PDT002045068.1,GCA_035022545.1
PDT002152095.1,
PDT000173774.3,GCA_016514755.1
PDT001505994.1,GCA_026563595.1
PDT000746032.1,
PDT000880118.1,
PDT001192401.1,
PDT000448238.1,GCA_004101965.1
PDT002277475.1,GCA_964206635.1
PDT001684039.4,GCA_029636125.4
PDT001224749.3,GCA_028061735.3
PDT001506063.1,GCA_026562275.1
PDT001253158.4,
PDT000114616.2,GCA_016521995.2
PDT000209517.1,GCA_002143725.1
PDT000209090.1,GCA_002138155.1
PDT000729662.1,GCA_012931625.1
PDT000383119.1,GCA_003584455.1
PDT002288948.1,GCA_041022215.1
PDT002172124.1,GCA_039715695.1
PDT002172128.1,GCA_039715775.1
PDT001231411.1,GCA_021572875.1
PDT001231298.1,GCA_021570615.1
PDT001353203.1,GCA_024139015.1
PDT002113431.1,GCA_037173345.1
PDT001506395.1,GCA_026555175.1
PDT001506381.1,GCA_026555435.1
PDT001505759.1,GCA_026568275.1
PDT000892980.1,GCA_015536875.1
PDT001820087.1,GCA_030485515.1
PDT002152113.1,
PDT002239532.1,GCA_040445185.1
PDT000659791.1,GCA_016502945.1
PDT000605709.1,GCA_008979045.1
PDT000888513.1,
PDT000880472.1,
PDT001201015.1,
PDT002123015.1,GCA_037667715.1
PDT000968697.3,GCA_016974775.3
PDT000868646.3,GCA_016475505.3
PDT002205429.1,GCA_040182245.1
PDT001226527.3,GCA_021527425.3
PDT001689497.3,GCA_029736015.3
PDT001787968.2,GCA_031115095.2
PDT000642511.1,GCA_009736565.1
PDT002145575.1,GCA_038441225.1
PDT001602996.1,GCA_028440005.1
PDT001462013.1,
PDT001602924.1,GCA_028438065.1
PDT001680430.1,GCA_029582015.1
PDT001825566.2,GCA_030516605.1
PDT001505611.1,GCA_026571055.1
PDT001506186.1,GCA_026559915.1
PDT001820076.1,GCA_030485295.1
PDT002239562.1,GCA_040445755.1
PDT002239546.1,GCA_040445445.1
PDT001957028.1,GCA_033135425.1
PDT002100468.1,
PDT002100480.1,
PDT000040163.1,GCA_000760415.1
PDT000660225.1,
PDT000879072.1,
PDT000945238.2,GCA_904884575.1
PDT001200388.1,
PDT000052355.1,GCA_000966305.1
PDT001456723.3,GCA_025778235.3
PDT000985288.3,GCA_018498445.3
PDT001561875.3,GCA_027867745.3
PDT000113788.2,GCA_016528015.2
PDT000107062.2,GCA_016536645.2
PDT000114317.2,GCA_016523475.2
PDT001580168.1,GCA_027890335.1
PDT000725041.1,GCA_016496585.1
PDT000893031.1,GCA_015537905.1
PDT001006717.1,GCA_017949175.1
PDT001006815.1,GCA_017951175.1
PDT001231261.1,GCA_021569865.1
PDT000995788.1,GCA_017639875.1
PDT001383038.1,GCA_024617365.1
PDT001671987.1,GCA_029441855.1
PDT001817135.1,GCA_030449125.1
PDT001874254.1,GCA_031156835.1
PDT001961296.1,GCA_033101495.1
PDT002247614.1,GCA_040602385.1
PDT002098542.1,GCA_037007745.1
PDT000659781.1,GCA_016503425.1
PDT000173863.2,GCA_019242015.1
PDT000441450.1,GCA_016510935.1
PDT000714809.1,
PDT001191885.1,
PDT000943825.1,
PDT001469608.1,GCA_025897595.1
PDT001469577.1,GCA_025898315.1
PDT001585965.1,
PDT002335575.1,
PDT001253192.4,
PDT000156240.1,GCA_001864715.1
PDT000463738.1,GCA_004153295.1
PDT001741866.1,GCA_030026885.1
PDT001225618.1,GCA_021508175.1
PDT000837077.1,GCA_014530805.1
PDT001371135.1,GCA_024480785.1
PDT001505922.1,GCA_026564965.1
PDT001506045.1,GCA_026562595.1
PDT001506359.1,GCA_026555855.1
PDT001817144.1,GCA_030449315.1
PDT001820044.1,GCA_030484655.1
PDT002152096.1,
PDT001957247.1,GCA_033131575.1
PDT002059770.1,GCA_958320655.1
PDT002134241.1,
PDT000605958.1,GCA_008995875.1
PDT000714814.1,
PDT001191755.2,
PDT000387358.1,GCA_003595875.1
PDT001898727.1,GCA_031877565.1
PDT001898732.1,GCA_031877465.1
PDT002059747.1,GCA_958320215.1
PDT001582294.3,GCA_028053555.3
PDT001839543.1,GCA_031102805.1
PDT001173442.3,GCA_020838325.3
PDT001326160.3,GCA_023827935.3
PDT000114094.2,GCA_016527255.2
PDT002111475.1,GCA_037120335.1
PDT000990567.1,GCA_017581825.1
PDT001873329.1,GCA_031182245.1
PDT000821575.3,GCA_016483805.3
PDT000659579.1,
PDT001506010.1,GCA_026563295.1
PDT001505888.1,GCA_026565505.1
PDT001852448.1,GCA_030755815.1
PDT001817104.1,GCA_030448325.1
PDT002100465.1,
PDT000342110.2,GCA_900476585.2
PDT002126659.1,
PDT000660211.1,
PDT000745620.1,
PDT001494922.1,GCA_026324475.1
PDT002059859.1,GCA_958322515.1
PDT002059696.1,GCA_958319335.1
PDT001480856.3,GCA_026056185.3
PDT000733302.3,GCA_016489105.3
PDT002117975.1,GCA_037527245.1
PDT001164094.3,GCA_020677125.3
PDT000114718.2,GCA_016520655.2
PDT000534487.1,GCA_006494115.1
PDT001231414.1,GCA_021572935.1
PDT002345885.1,GCA_041535225.1
PDT001321000.1,GCA_023604955.1
PDT001825568.2,GCA_030516635.1
PDT001940628.1,GCA_032750075.1
PDT001820012.1,GCA_030484005.1
PDT002316175.1,
PDT001201003.1,GCA_021144825.1
PDT001493018.1,GCA_026358375.1
PDT001649929.3,GCA_028937565.3
PDT001373649.3,GCA_024537695.3
PDT001226528.3,GCA_021524575.3
PDT001226520.3,GCA_021613195.3
PDT001707470.3,GCA_031135265.2
PDT001771000.2,GCA_031131305.2
PDT001795319.1,GCA_031113405.1
PDT001693185.1,GCA_029814355.1
PDT001961370.1,GCA_033103035.1
PDT000863702.1,GCA_014882865.1
PDT000354509.1,GCA_003336085.1
PDT001488364.1,GCA_026194555.1
PDT002085668.1,
PDT001426510.1,GCA_025245705.1
PDT001549630.1,GCA_027257435.1
PDT001505850.1,GCA_026566435.1
PDT002094417.1,GCA_036905355.1
PDT002130006.1,
PDT001218634.1,GCA_021386675.1
PDT002384003.1,
PDT000102152.1,GCA_001511855.1
PDT000659359.1,
PDT000884363.1,
PDT001194515.1,
PDT002248043.1,GCA_040671435.1
PDT002049808.1,GCA_035507015.1
PDT002294585.1,GCA_041082555.1
PDT001165476.3,GCA_020693765.3
PDT000725298.3,GCA_016490325.3
PDT002236499.1,GCA_040436915.1
PDT002234123.1,GCA_040412475.1
PDT001157709.5,GCA_020606715.3
PDT001640372.3,GCA_028828625.3
PDT001157076.6,GCA_020585435.3
PDT001794872.2,GCA_031113655.2
PDT000526367.1,GCA_006365585.1
PDT000642498.1,GCA_009736295.1
PDT001638330.1,GCA_028783385.1
PDT000534407.1,GCA_006492515.1
PDT000683284.1,GCA_010499755.1
PDT000751424.1,GCA_016485225.1
PDT001258889.2,GCA_022467375.2
PDT002144063.1,GCA_038424265.1
PDT002345956.1,GCA_041536645.1
PDT001577263.1,GCA_027854735.1
PDT001860347.1,GCA_030851785.1
PDT000605907.1,GCA_008991545.1
PDT002313541.1,GCA_041154855.1
PDT000747469.1,
PDT001585463.1,GCA_028092455.1
PDT001898756.1,GCA_031876985.1
PDT001151707.3,GCA_020519565.3
PDT001609322.3,GCA_028544615.3
PDT001359582.3,GCA_028058735.3
PDT001306644.3,GCA_023350795.3
PDT001232628.3,GCA_021716355.3
PDT000893711.3,GCA_016473775.3
PDT001114965.1,GCA_019724815.1
PDT000209488.1,GCA_002143145.1
PDT002179626.1,
PDT000929059.1,GCA_016508325.1
PDT000431511.1,GCA_016511695.1
PDT000431533.1,GCA_016511255.1
PDT000920620.1,GCA_016125655.1
PDT001231380.1,GCA_021572255.1
PDT000914416.1,GCA_016055015.1
PDT000807341.1,
PDT001603350.1,GCA_028447815.1
PDT001603169.1,GCA_028443465.1
PDT002094421.1,GCA_036905535.1
PDT002152131.1,
PDT002247261.1,GCA_040595435.1
PDT000746995.1,
PDT001494031.1,GCA_026340835.1
PDT002097515.1,
PDT002040804.1,GCA_034704075.1
PDT001593052.1,
PDT001860460.2,GCA_031097355.2
PDT001157477.6,GCA_020607555.3
PDT001148897.3,GCA_020463995.3
PDT000092656.1,GCA_001415165.1
PDT000132520.1,GCA_001649875.1
PDT001010882.1,
PDT002098577.1,GCA_037008465.1
PDT001225601.1,GCA_021510895.1
PDT001231240.1,GCA_021569455.1
PDT001004082.1,GCA_017897205.1
PDT001371139.1,GCA_024481465.1
PDT001603146.1,GCA_028442995.1
PDT001549633.1,GCA_027257495.1
PDT001506411.1,GCA_026555055.1
PDT001820011.1,GCA_030483985.1
PDT001860304.1,GCA_030850345.1
PDT002191036.1,
PDT002303154.1,GCA_041136305.1
PDT000893499.3,GCA_016474055.3
PDT001923895.2,GCA_032630505.2
PDT000662640.1,GCA_009829555.1
PDT000980440.1,GCA_017169125.1
PDT000837076.1,GCA_014530795.1
PDT000898806.1,GCA_015676875.1
PDT001231358.1,GCA_021571815.1
PDT001852427.1,GCA_030755395.1
PDT001382777.1,GCA_024589095.1
PDT001465476.1,GCA_025852375.1
PDT001505921.1,GCA_026565025.1
PDT001860335.1,GCA_030851185.1
PDT002087868.1,
PDT002247657.1,GCA_040603255.1
PDT002316162.1,
PDT000662274.1,GCA_016498225.1
PDT000443709.1,GCA_016507785.1
PDT000866604.1,GCA_016476305.1
PDT001469590.1,GCA_025897735.1
PDT002332573.1,
PDT001898745.1,GCA_031877245.1
PDT002277472.1,GCA_964206965.1
PDT000176459.2,GCA_001936675.2
PDT000135525.1,GCA_001669525.1
PDT001780861.2,GCA_031129095.2
PDT001255594.3,GCA_028060895.3
PDT000107047.2,GCA_016537005.2
PDT000480728.1,GCA_004357125.1
PDT000355792.1,GCA_003345845.1
PDT000355798.1,GCA_003345955.1
PDT002288954.1,GCA_041023575.1
PDT000929051.1,GCA_016506985.1
PDT000751394.1,GCA_016609655.1
PDT000893900.1,GCA_016473375.1
PDT002024647.1,GCA_034299995.1
PDT001382790.1,GCA_024589355.1
PDT001602916.1,GCA_028437905.1
PDT000253691.1,GCA_002573895.1
PDT001549634.1,GCA_027257515.1
PDT001502913.1,GCA_026473005.1
PDT001505913.1,GCA_026565165.1
PDT000863668.1,GCA_014882135.1
PDT001360377.1,GCA_024259305.1
PDT002064386.1,GCA_036038945.1
PDT000886996.1,
PDT000751288.1,GCA_016486965.1
PDT001585393.1,GCA_028094975.1
PDT001898721.1,GCA_031877685.1
PDT001147095.1,GCA_020255405.1
PDT002024022.1,GCA_034314885.1
PDT002364859.1,GCA_041786195.1
PDT002352075.1,GCA_041728785.1
PDT002140128.1,
PDT001339402.1,
PDT001200327.1,
PDT000837113.1,GCA_014531635.1
PDT000714799.1,
PDT001227180.1,GCA_021545145.1
PDT000300595.1,GCA_003020205.1
PDT001339401.1,
PDT000812686.1,
PDT001616511.1,GCA_028769075.1
PDT002056820.1,
PDT001514250.1,GCA_947391105.1
PDT001590653.1,GCA_028167825.1
PDT000932674.3,GCA_028064235.3
PDT001114953.1,GCA_019725315.1
PDT001463205.3,GCA_025807315.3
PDT001280627.3,GCA_022881215.3
PDT000046680.3,GCA_000809505.3
PDT001147039.1,GCA_020251225.1
PDT001283698.1,GCA_022933765.1
PDT001795773.1,GCA_030377425.1
PDT001603217.1,GCA_028444425.1
PDT002230513.1,GCA_040301505.1
PDT001505861.1,GCA_026566215.1
PDT002152104.1,
PDT002247598.1,GCA_040602065.1
PDT000660393.1,
PDT001602990.1,GCA_028439875.1
PDT000354295.1,GCA_900494435.1
PDT000659451.1,
PDT001590650.1,GCA_028167895.1
PDT002069408.1,GCA_036289795.1
PDT001157535.8,GCA_020557185.3
PDT002045991.1,GCA_035078565.1
PDT000216823.1,GCA_002183045.1
PDT002024692.1,GCA_034299815.1
PDT000557539.1,GCA_007833155.1
PDT000683295.1,GCA_010500015.1
PDT001127677.1,GCA_019903195.1
PDT000892979.1,GCA_015536855.1
PDT001816268.1,GCA_031110185.1
PDT002302009.1,GCA_041079955.1
PDT001147054.1,GCA_020254585.1
PDT001258896.1,GCA_022467975.1
PDT001603141.1,GCA_028442895.1
PDT001218570.1,GCA_021385395.1
PDT000863650.1,GCA_014881775.1
PDT001766207.1,GCA_030141465.1
PDT002152117.1,
PDT002129963.1,
PDT002179613.1,
PDT000866546.1,GCA_016477145.1
PDT000856408.1,GCA_014842895.1
PDT000662299.1,GCA_016844165.1
PDT001200311.1,
PDT001585630.1,GCA_028089175.1
PDT001173441.3,GCA_020838385.3
PDT001157457.5,GCA_020606885.3
PDT001001339.3,GCA_017836315.3
PDT000114299.2,GCA_016524145.2
PDT000152753.2,
PDT000945322.2,GCA_016767975.1
PDT001973261.1,GCA_033378945.1
PDT002332920.1,GCA_041399185.1
PDT001218573.1,GCA_021385455.1
PDT001312771.1,GCA_023499055.1
PDT001952753.1,GCA_032941655.1
PDT001593329.1,
PDT002239558.1,GCA_040445685.1
PDT001963715.1,GCA_033142775.1
PDT002344755.1,
PDT000632863.1,
PDT002059613.1,GCA_958317425.1
PDT002059624.1,GCA_958317605.1
PDT000046294.1,GCA_000804905.1
PDT001831235.2,GCA_031104725.2
PDT001258011.3,GCA_022477395.3
PDT001157475.5,GCA_020606695.3
PDT001739656.2,GCA_031151675.2
PDT001336329.1,GCA_024025535.1
PDT000290050.1,GCA_002951255.1
PDT000342112.2,GCA_900478055.2
PDT000863624.1,GCA_014881245.1
PDT001506329.1,GCA_026556555.1
PDT001506274.1,GCA_026557775.1
PDT001940665.1,GCA_032745965.1
PDT001360386.1,GCA_024259555.1
PDT002036461.1,GCA_034507615.1
PDT002097563.1,
PDT002098388.1,
PDT002215857.1,GCA_040239585.1
PDT000605848.1,GCA_008987065.1
PDT000659400.1,
PDT000746172.1,
PDT001214316.3,GCA_021336555.3
PDT001779862.2,GCA_031129965.2
PDT001164059.3,GCA_020677565.3
PDT001611992.3,GCA_031137975.2
PDT002223404.1,GCA_040273815.1
PDT000248870.1,GCA_002416475.1
PDT002145415.1,GCA_038433725.1
PDT000863678.1,GCA_014882325.1
PDT001201044.1,GCA_021145105.1
PDT000807458.1,
PDT000887670.2,
PDT001360364.1,GCA_024258965.1
PDT001603125.1,GCA_028442585.1
PDT001603138.1,GCA_028442845.1
PDT001842117.1,GCA_030649595.1
PDT002145446.1,GCA_038434355.1
PDT000807445.1,
PDT001231218.1,GCA_021569005.1
PDT001496483.3,GCA_026367255.3
PDT002129706.1,GCA_037935245.1
PDT001695737.1,GCA_029847755.1
PDT002125177.1,GCA_037725045.1
PDT000893046.1,GCA_015538205.1
PDT001383176.1,
PDT001383152.1,
PDT000046297.1,GCA_000804965.1
PDT002100439.1,
PDT002233350.1,GCA_040367475.1
PDT002261647.1,GCA_040790285.1
PDT000660333.1,GCA_016498685.1
PDT002313539.1,GCA_041154835.1
PDT000510449.1,GCA_005819265.1
PDT001250857.1,GCA_929618185.1
PDT001824813.1,
PDT000261056.1,GCA_002741415.1
PDT001430345.3,GCA_025424235.3
PDT001204875.3,GCA_021221545.3
PDT000233348.1,GCA_002249365.1
PDT002247691.1,GCA_040603935.1
PDT001377781.3,GCA_024559625.3
PDT001355202.1,GCA_024151795.1
PDT002152099.1,
PDT001874296.1,GCA_031158265.1
PDT001191746.2,
PDT001898734.1,GCA_031877445.1
PDT002008629.1,GCA_033970405.1
PDT001057005.3,GCA_018625975.3
PDT001407876.3,GCA_024855245.3
PDT000217697.1,GCA_002184285.1
PDT000534405.1,GCA_006492505.1
PDT000209049.1,GCA_002137335.1
PDT000603225.1,GCA_008830885.1
PDT001593395.1,
PDT001766024.1,GCA_030130985.1
PDT001792538.1,GCA_030365615.1
PDT001506174.1,GCA_026560135.1
PDT002097588.1,
PDT000606073.1,GCA_009004355.1
PDT001491438.1,
PDT001174142.3,GCA_020863785.3
PDT000623241.1,GCA_009497615.1
PDT001006799.1,GCA_017950855.1
PDT002332565.1,
PDT002152135.1,
PDT000526459.1,GCA_006367395.1
PDT001191104.1,
PDT000049497.1,GCA_000836625.1
PDT001583623.3,GCA_028077975.3
PDT002317122.1,GCA_041269265.1
PDT000114711.2,GCA_016520815.2
PDT000141116.1,GCA_001693115.1
PDT000893264.3,GCA_016473955.3
PDT001549644.1,GCA_027257695.1
PDT001877212.1,GCA_031197405.1
PDT002283588.2,GCA_041014305.2
PDT000046703.3,GCA_000810005.3
PDT001230582.1,
PDT000173910.1,GCA_001908295.1
PDT000912416.1,GCA_015910475.1
PDT000417663.1,GCA_003941095.1
PDT000418758.1,GCA_003948225.1
PDT001258905.1,GCA_022468795.1
PDT001292493.1,GCA_023005135.1
PDT001362946.1,GCA_024296365.1
PDT002056815.1,
PDT001469646.1,GCA_025896755.1
PDT001585397.1,GCA_028094885.1
PDT000901811.3,GCA_016470975.3
PDT000114725.2,GCA_016520545.2
PDT002239523.1,GCA_040444845.1
PDT002239528.1,GCA_040445085.1
PDT000173802.3,GCA_016514215.1
PDT000318203.1,GCA_900406705.1
PDT000633994.1,
PDT001254575.1,GCA_022395595.1
PDT001961400.2,GCA_033136765.2
PDT001283645.1,GCA_022933905.1
PDT002123299.1,
PDT001687569.1,GCA_029674845.1
PDT002146090.1,GCA_038442235.1
PDT002179658.1,
PDT000659945.1,
PDT001044097.1,GCA_018423275.1
PDT002059603.1,GCA_958317345.1
PDT001506360.1,GCA_026555875.1
PDT000209549.1,GCA_002144995.1
PDT000417642.1,GCA_003940005.1
PDT001435556.1,GCA_025402915.1
PDT002000509.1,GCA_033903165.1
PDT001860351.1,GCA_030851895.1
PDT001497868.1,GCA_026273925.1
PDT000233844.1,GCA_002250465.1
PDT001898863.1,GCA_031876585.1
PDT001898724.1,GCA_031877645.1
PDT002168188.1,GCA_039649735.1
PDT002007946.1,GCA_033959465.1
PDT001336323.1,GCA_024025615.1
PDT001837099.1,GCA_030553995.1
PDT002111472.1,GCA_037118785.1
PDT001258883.2,GCA_022460875.2
PDT001505795.1,GCA_026567515.1
PDT001957352.1,GCA_033129225.1
PDT002247674.1,GCA_040603595.1
PDT000173816.2,GCA_016517525.2
PDT000660200.1,
PDT000595110.1,GCA_008709585.1
PDT001336340.1,GCA_024025365.1
PDT001795786.1,GCA_030377665.1
PDT002129566.1,GCA_037911735.1
PDT002026715.1,GCA_034296825.1
PDT002179594.1,
PDT002387553.1,
PDT000046679.3,GCA_000809485.3
PDT000071256.1,GCA_001077575.1
PDT000114678.2,GCA_016521345.2
PDT001595043.1,GCA_028175385.1
PDT001603246.1,GCA_028444985.1
PDT000850531.3,GCA_016480945.3
PDT002122772.1,GCA_037545755.1
PDT001957306.1,GCA_033130415.1
PDT000176197.2,GCA_016515695.2
PDT001200304.1,
PDT001253213.4,
PDT002145580.1,GCA_038442095.1
PDT002059848.1,GCA_958322275.1
PDT002277491.1,GCA_964206925.1
PDT000135582.1,GCA_001674665.1
PDT001435128.3,GCA_025443225.3
PDT000568125.1,GCA_007999635.1
PDT000623238.1,GCA_009497505.1
PDT000665237.1,GCA_009887785.1
PDT000837118.1,GCA_014531735.1
PDT001044094.1,GCA_018422795.1
PDT000714777.1,
PDT001852433.1,GCA_030755495.1
PDT001231214.1,GCA_021568895.1
PDT002129975.1,
PDT002129998.1,
PDT001469774.1,GCA_025895995.1
PDT000102155.1,GCA_001511915.1
PDT001898729.1,GCA_031877585.1
PDT000901860.3,GCA_016471055.3
PDT001898910.1,GCA_031875545.1
PDT000216836.1,GCA_002183325.1
PDT001940664.1,GCA_032737705.1
PDT000642506.1,GCA_009736455.1
PDT002000515.1,GCA_033903285.1
PDT001695732.1,GCA_029847675.1
PDT002152139.1,
PDT001957072.1,
PDT002247433.1,GCA_040598765.1
PDT001491490.1,
PDT001494886.1,GCA_026324915.1
PDT001706434.3,GCA_031135985.2
PDT002067963.1,GCA_036464555.1
PDT001882396.2,GCA_031436125.2
PDT000534464.1,GCA_006493655.1
PDT001435634.1,GCA_025406955.1
PDT001538066.1,GCA_027129085.1
PDT001505745.1,GCA_026568455.1
PDT001852469.1,GCA_030756215.1
PDT001874253.1,GCA_031156475.1
PDT001491454.1,
PDT001898728.1,GCA_031877545.1
PDT001001330.3,GCA_017835715.3
PDT001264550.3,GCA_022588035.3
PDT001618839.3,GCA_028856625.3
PDT000106870.2,GCA_016539045.2
PDT001595092.1,GCA_028178245.1
PDT001538511.1,GCA_027084985.1
PDT001505821.1,GCA_026567035.1
PDT000424061.1,GCA_016513235.1
PDT001898865.1,GCA_031876515.1
PDT001795318.1,GCA_031113455.1
PDT001336333.1,GCA_024025495.1
PDT000209476.1,GCA_002142735.1
PDT000418813.1,GCA_003949335.1
PDT001435624.1,GCA_025406775.1
PDT001610248.1,GCA_028550305.1
PDT002239505.1,GCA_040444105.1
PDT002230509.1,GCA_040301425.1
PDT000633858.1,
PDT002059748.1,GCA_958320225.1
PDT001157707.4,GCA_020606875.3
PDT001147844.3,GCA_020411905.3
PDT001292500.1,GCA_023005285.1
PDT001956989.1,
PDT001889841.1,
PDT001491586.1,
PDT001233320.3,GCA_021752485.3
PDT001961342.1,GCA_033102475.1
PDT001502929.1,GCA_026471705.1
PDT002123296.1,
PDT002225251.1,GCA_040287845.1
PDT000092648.1,GCA_001415015.1
PDT000363577.1,GCA_003382235.1
PDT000418781.1,GCA_003948675.1
PDT001846993.1,GCA_031100975.1
PDT002126621.1,
PDT001898744.1,GCA_031877265.1
PDT001280634.3,GCA_022881115.3
PDT000534392.1,GCA_006492215.1
PDT001147100.1,GCA_020255545.1
PDT001382798.1,GCA_024589495.1
PDT002247686.1,GCA_040603835.1
PDT000300597.1,GCA_003020225.1
PDT000659417.1,
PDT000356858.1,GCA_003352495.1
PDT000222344.1,GCA_002212715.1
PDT000659528.1,
PDT000729670.1,GCA_012935005.1
PDT001325636.1,GCA_023825335.1
PDT000660335.1,GCA_016498625.1
PDT000033762.1,GCA_000708795.1
PDT001923899.2,GCA_032630425.2
PDT001242790.3,GCA_022106195.3
PDT000899118.3,GCA_016472055.3
PDT001359583.3,GCA_028058715.3
PDT000526481.1,GCA_006367855.1
PDT000480313.1,GCA_004354185.1
PDT001638327.1,GCA_028781665.1
PDT001852462.1,GCA_030756095.1
PDT001604492.1,
PDT000217698.1,GCA_002184325.1
PDT001577280.1,GCA_027855295.1
PDT000725037.1,GCA_016496465.1
PDT000745895.1,
PDT000257787.1,GCA_002634325.1
PDT000600537.1,GCA_008806535.1
PDT001000578.1,GCA_017726575.1
PDT002029816.1,GCA_034365845.1
PDT001766055.1,GCA_030131625.1
PDT002239560.1,GCA_040445765.1
PDT000048856.1,GCA_000820685.1
PDT000662276.1,GCA_016498145.1
PDT001898864.1,GCA_031876535.1
PDT001264627.3,GCA_022666275.3
PDT000387369.1,GCA_003596125.1
PDT000937778.1,GCA_016654165.1
PDT001178523.1,GCA_020861675.1
PDT001603333.1,GCA_028447485.1
PDT002152097.1,
PDT001824789.1,
PDT001469763.1,GCA_025896855.1
PDT000722352.1,GCA_012277115.1
PDT000173788.3,GCA_016514515.1
PDT000162435.2,GCA_900118075.2
PDT002056787.1,
PDT002082788.1,GCA_036742505.1
PDT001993029.2,GCA_033860375.2
PDT001292519.1,GCA_023005705.1
PDT002261618.1,GCA_040786385.1
PDT000746164.1,
PDT000949991.3,GCA_017118485.3
PDT001046087.3,GCA_018495085.3
PDT001253243.4,
PDT000274491.2,GCA_002837895.2
PDT001087909.1,GCA_019188995.1
PDT001940672.1,GCA_032745955.1
PDT002152125.1,
PDT002146095.1,GCA_038442305.1
PDT000605851.1,GCA_008987245.1
PDT001231296.1,GCA_021570565.1
PDT001505763.1,GCA_026568315.1
PDT001898747.1,GCA_031877225.1
PDT001253176.4,
PDT000642558.1,GCA_009737775.1
PDT002087866.1,
PDT001009049.1,
PDT000733266.3,GCA_016489505.3
PDT000209080.1,GCA_002137955.1
PDT001847671.1,GCA_030705365.1
PDT000230495.1,GCA_002237955.1
PDT001095964.2,GCA_019323795.1
PDT001065598.1,GCA_018789495.1
PDT000431558.1,GCA_016510195.1
PDT002056809.1,
PDT001200624.1,
PDT000383108.1,GCA_003583665.1
PDT001689408.3,GCA_029737595.3
PDT000482871.1,GCA_004378395.1
PDT002140772.1,
PDT002313755.1,
PDT001374665.3,GCA_024571395.3
PDT002130015.1,
PDT001873306.1,GCA_031182485.1
PDT001604480.1,GCA_028469965.1
PDT002277481.1,GCA_964206625.1
PDT001377734.3,GCA_024560465.3
PDT000659356.1,
PDT000578970.1,GCA_008180145.1
PDT001505666.1,GCA_026570035.1
PDT001235935.1,GCA_021730415.1
PDT001469641.1,GCA_025897255.1
PDT000866585.1,GCA_016476505.1
PDT000418766.1,GCA_003948385.1
PDT000837107.1,GCA_014531515.1
PDT001603158.1,GCA_028443225.1
PDT001898711.1,GCA_031877965.1
PDT000152749.2,
PDT001795790.1,GCA_030377745.1
PDT001512427.1,GCA_026622455.1
PDT001191727.2,
PDT000287626.1,GCA_002927805.1
PDT001476180.1,GCA_025971765.1
PDT001147114.1,GCA_020256005.1
PDT001825557.2,GCA_030516405.1
PDT002152140.1,
PDT001372739.1,GCA_024487925.1
PDT000431518.1,GCA_016511535.1
PDT000534377.1,GCA_006491885.1
PDT000510446.1,GCA_005819225.1
PDT000937777.1,GCA_016654155.1
PDT001603323.1,GCA_028447285.1
PDT002152143.1,
PDT002179606.1,
PDT001506101.1,GCA_026561515.1
PDT002152127.1,
PDT002247268.1,GCA_040595565.1
PDT000745733.1,
PDT000747274.1,
PDT002213450.1,GCA_040238265.1
PDT000659975.1,
PDT000106865.2,GCA_016539245.2
PDT000418815.1,GCA_003949365.1
PDT001310047.1,GCA_023361175.1
PDT001191683.1,
PDT001824814.1,
PDT000659552.1,
PDT000659516.1,
PDT001258890.1,GCA_022467435.1
PDT001955653.1,GCA_033030705.1
PDT002026722.1,GCA_034296945.1
PDT002123302.1,
PDT000660397.1,
PDT001616502.1,GCA_028658145.1
PDT001898726.1,GCA_031877605.1
PDT000418824.1,GCA_003949615.1
PDT002152124.1,
PDT000725208.3,GCA_016491095.3
PDT001159247.3,GCA_020575495.3
PDT002250831.1,GCA_040698725.1
PDT001889846.1,
PDT000893650.3,GCA_016474015.3
PDT001502866.1,GCA_026473365.1
PDT001603340.1,GCA_028447625.1
PDT001898866.1,GCA_031876475.1
PDT001006774.1,GCA_017950355.1
PDT001603042.1,GCA_028440925.1
PDT000663691.1,
PDT000745724.1,
