{
"apiVersion": "V2",
"assemblies": [
{
  "files": [
    {
      "filePath": "data_summary.tsv",
      "fileType": "DATA_TABLE",
      "uncompressedLengthBytes": "656"
    },
    {
      "filePath": "assembly_data_report.jsonl",
      "fileType": "DATA_REPORT",
      "uncompressedLengthBytes": "5832"
    }
  ]
},{
  "accession": "GCA_000013425.1",
  "files": [
    {
      "filePath": "GCA_000013425.1/genomic.gbff",
      "fileType": "GENBANK_FLAT_FILE",
      "uncompressedLengthBytes": "5877219"
    },
    {
      "filePath": "GCA_000013425.1/GCA_000013425.1_ASM1342v1_genomic.fna",
      "fileType": "GENOMIC_NUCLEOTIDE_FASTA",
      "uncompressedLengthBytes": "2856704"
    },
    {
      "filePath": "GCA_000013425.1/genomic.gtf",
      "fileType": "GTF",
      "uncompressedLengthBytes": "3165339"
    },
    {
      "filePath": "GCA_000013425.1/genomic.gff",
      "fileType": "GFF3",
      "uncompressedLengthBytes": "1287574"
    },
    {
      "filePath": "GCA_000013425.1/protein.faa",
      "fileType": "PROTEIN_FASTA",
      "uncompressedLengthBytes": "1080071"
    }
  ]
},{
  "accession": "GCF_000013425.1",
  "files": [
    {
      "filePath": "GCF_000013425.1/genomic.gbff",
      "fileType": "GENBANK_FLAT_FILE",
      "uncompressedLengthBytes": "6335670"
    },
    {
      "filePath": "GCF_000013425.1/GCF_000013425.1_ASM1342v1_genomic.fna",
      "fileType": "GENOMIC_NUCLEOTIDE_FASTA",
      "uncompressedLengthBytes": "2856716"
    },
    {
      "filePath": "GCF_000013425.1/genomic.gtf",
      "fileType": "GTF",
      "uncompressedLengthBytes": "3271317"
    },
    {
      "filePath": "GCF_000013425.1/genomic.gff",
      "fileType": "GFF3",
      "uncompressedLengthBytes": "1407171"
    },
    {
      "filePath": "GCF_000013425.1/protein.faa",
      "fileType": "PROTEIN_FASTA",
      "uncompressedLengthBytes": "1055292"
    }
  ]
}]}
