{
"apiVersion": "V2",
"assemblies": [
{
  "files": [
    {
      "filePath": "data_summary.tsv",
      "fileType": "DATA_TABLE",
      "uncompressedLengthBytes": "1720"
    },
    {
      "filePath": "assembly_data_report.jsonl",
      "fileType": "DATA_REPORT",
      "uncompressedLengthBytes": "28600"
    }
  ]
},{
  "accession": "GCA_002269685.1",
  "files": [
    {
      "filePath": "GCA_002269685.1/GCA_002269685.1_ASM226968v1_genomic.fna",
      "fileType": "GENOMIC_NUCLEOTIDE_FASTA",
      "uncompressedLengthBytes": "2771349"
    }
  ]
},{
  "accession": "GCA_030441825.1",
  "files": [
    {
      "filePath": "GCA_030441825.1/GCA_030441825.1_ASM3044182v1_genomic.fna",
      "fileType": "GENOMIC_NUCLEOTIDE_FASTA",
      "uncompressedLengthBytes": "3940289"
    }
  ]
},{
  "accession": "GCA_031927985.1",
  "files": [
    {
      "filePath": "GCA_031927985.1/GCA_031927985.1_ASM3192798v1_genomic.fna",
      "fileType": "GENOMIC_NUCLEOTIDE_FASTA",
      "uncompressedLengthBytes": "2728494"
    }
  ]
},{
  "accession": "GCA_031929985.1",
  "files": [
    {
      "filePath": "GCA_031929985.1/GCA_031929985.1_ASM3192998v1_genomic.fna",
      "fileType": "GENOMIC_NUCLEOTIDE_FASTA",
      "uncompressedLengthBytes": "3330019"
    }
  ]
},{
  "accession": "GCF_002269685.1",
  "files": [
    {
      "filePath": "GCF_002269685.1/GCF_002269685.1_ASM226968v1_genomic.fna",
      "fileType": "GENOMIC_NUCLEOTIDE_FASTA",
      "uncompressedLengthBytes": "2771421"
    }
  ]
},{
  "accession": "GCF_030441825.1",
  "files": [
    {
      "filePath": "GCF_030441825.1/GCF_030441825.1_ASM3044182v1_genomic.fna",
      "fileType": "GENOMIC_NUCLEOTIDE_FASTA",
      "uncompressedLengthBytes": "3940730"
    }
  ]
},{
  "accession": "GCF_031927985.1",
  "files": [
    {
      "filePath": "GCF_031927985.1/GCF_031927985.1_ASM3192798v1_genomic.fna",
      "fileType": "GENOMIC_NUCLEOTIDE_FASTA",
      "uncompressedLengthBytes": "2728698"
    }
  ]
},{
  "accession": "GCF_031929985.1",
  "files": [
    {
      "filePath": "GCF_031929985.1/GCF_031929985.1_ASM3192998v1_genomic.fna",
      "fileType": "GENOMIC_NUCLEOTIDE_FASTA",
      "uncompressedLengthBytes": "3330115"
    }
  ]
}]}
