Organism Scientific Name	Organism Common Name	Organism Qualifier	Taxonomy id	Assembly Name	Assembly Accession	Source	Annotation	Level	Contig N50	Size	Submission Date	Gene Count	BioProject	BioSample
Enterococcus canintestini		strain: 49	317010	ASM226968v1	GCA_002269685.1	GenBank	NCBI Prokaryotic Genome Annotation Pipeline (PGAP)	Scaffold	310733	2734830	2017-08-24	2580	PRJNA292011	SAMN03959821
Enterococcus entomosocium		strain: IIL-SusEc	3034352	ASM3044182v1	GCA_030441825.1	GenBank		Contig	112871	3873077	2023-07-12		PRJNA943201	SAMN33713718
Enterococcus dongliensis		strain: K4	2559925	ASM3192798v1	GCA_031927985.1	GenBank	NCBI Prokaryotic Genome Annotation Pipeline (PGAP)	Scaffold	115707	2686698	2023-09-25	2761	PRJNA948548	SAMN33918448
Enterococcus devriesei		strain: B3-2	319970	ASM3192998v1	GCA_031929985.1	GenBank	NCBI Prokaryotic Genome Annotation Pipeline (PGAP)	Scaffold	273177	3285086	2023-09-25	3121	PRJNA948548	SAMN33919436
Enterococcus canintestini		strain: 49	317010	ASM226968v1	GCF_002269685.1	RefSeq	GCF_002269685.1-RS_2024_05_03	Scaffold	310733	2734830	2017-08-24	2615	PRJNA292011	SAMN03959821
Enterococcus entomosocium		strain: IIL-SusEc	3034352	ASM3044182v1	GCF_030441825.1	RefSeq	NCBI Prokaryotic Genome Annotation Pipeline (PGAP)	Contig	112871	3873077	2023-07-12	3719	PRJNA943201	SAMN33713718
Enterococcus dongliensis		strain: K4	2559925	ASM3192798v1	GCF_031927985.1	RefSeq	NCBI Prokaryotic Genome Annotation Pipeline (PGAP)	Scaffold	115707	2686698	2023-09-25	2762	PRJNA948548	SAMN33918448
Enterococcus devriesei		strain: B3-2	319970	ASM3192998v1	GCF_031929985.1	RefSeq	NCBI Prokaryotic Genome Annotation Pipeline (PGAP)	Scaffold	273177	3285086	2023-09-25	3121	PRJNA948548	SAMN33919436
