Organism Scientific Name	Organism Common Name	Organism Qualifier	Taxonomy id	Assembly Name	Assembly Accession	Source	Annotation	Level	Contig N50	Size	Submission Date	Gene Count	BioProject	BioSample
Enterococcus crotali		strain: ETRF1	1453587	NGEN (DNA Star)	GCA_000633635.1	GenBank		Contig	408622	3902091	2014-04-18		PRJNA226735	SAMN02729938
Enterococcus canis NBRC 100695		strain: NBRC 100695	1349765	ASM154437v1	GCA_001544375.1	GenBank		Contig	370384	2854214	2016-01-29		PRJDB1349	SAMD00046312
Enterococcus quebecensis		strain: LMG 26306	903983	ASM173036v1	GCA_001730365.1	GenBank	NCBI Prokaryotic Genome Annotation Pipeline (PGAP)	Contig	361240	3162767	2016-09-16	2885	PRJNA330680	SAMN05420588
Enterococcus hermanniensis		strain: DSM 17122	249189	ASM188594v1	GCA_001885945.1	GenBank	Annotation submitted by Inner Mongolia Agricultural University	Scaffold	267664	2613534	2016-11-25	2550	PRJNA270385	SAMN03267173
Enterococcus termitis		strain: DSM 22803	332950	ASM188627v1	GCA_001886275.1	GenBank	Annotation submitted by Inner Mongolia Agricultural University	Scaffold	209758	4127488	2016-11-25	3957	PRJNA270385	SAMN03267188
Enterococcus pingfangensis		strain: 241-2-2	2559924	ASM540520v1	GCA_005405205.1	GenBank		Contig	203181	2017363	2019-03-29		PRJDB7793	SAMD00164306
Enterococcus xiangfangensis		strain: 11097	1296537	ASM540536v1	GCA_005405365.1	GenBank		Contig	263199	2652541	2019-03-29		PRJDB7793	SAMD00164314
Enterococcus larvae		strain: BWM-S5	2794352	ASM1783004v1	GCA_017830045.1	GenBank	NCBI Prokaryotic Genome Annotation Pipeline (PGAP)	Contig	365294	4163499	2021-04-07	3934	PRJNA682502	SAMN16992986
Enterococcus spodopteracolus		strain: IIL-Cl25	3034501	ASM3044195v1	GCA_030441955.1	GenBank		Contig	261644	2986593	2023-07-12		PRJNA944113	SAMN33735643
Enterococcus crotali		strain: ETRF1	1453587	NGEN (DNA Star)	GCF_000633635.1	RefSeq	GCF_000633635.1-RS_2024_03_28	Contig	408622	3902091	2014-04-18	3775	PRJNA226735	SAMN02729938
Enterococcus canis NBRC 100695		strain: NBRC 100695	1349765	ASM154437v1	GCF_001544375.1	RefSeq	GCF_001544375.1-RS_2024_09_02	Contig	370384	2854214	2016-01-29	2830	PRJDB1349	SAMD00046312
Enterococcus quebecensis		strain: LMG 26306	903983	ASM173036v1	GCF_001730365.1	RefSeq	GCF_001730365.1-RS_2024_03_28	Contig	361240	3162767	2016-09-16	2895	PRJNA330680	SAMN05420588
Enterococcus hermanniensis		strain: DSM 17122	249189	ASM188594v1	GCF_001885945.1	RefSeq	GCF_001885945.1-RS_2024_05_03	Scaffold	267664	2613534	2016-11-25	2622	PRJNA270385	SAMN03267173
Enterococcus termitis		strain: DSM 22803	332950	ASM188627v1	GCF_001886275.1	RefSeq	GCF_001886275.1-RS_2024_05_03	Scaffold	209758	4127488	2016-11-25	3954	PRJNA270385	SAMN03267188
Enterococcus pingfangensis		strain: 241-2-2	2559924	ASM540520v1	GCF_005405205.1	RefSeq	GCF_005405205.1-RS_2024_08_26	Contig	203181	2017363	2019-03-29	1960	PRJDB7793	SAMD00164306
Enterococcus xiangfangensis		strain: 11097	1296537	ASM540536v1	GCF_005405365.1	RefSeq	GCF_005405365.1-RS_2024_08_26	Contig	263199	2652541	2019-03-29	2619	PRJDB7793	SAMD00164314
Enterococcus larvae		strain: BWM-S5	2794352	ASM1783004v1	GCF_017830045.1	RefSeq	GCF_017830045.1-RS_2024_05_26	Contig	365294	4163499	2021-04-07	3948	PRJNA682502	SAMN16992986
Enterococcus spodopteracolus		strain: IIL-Cl25	3034501	ASM3044195v1	GCF_030441955.1	RefSeq	GCF_030441955.1-RS_2024_08_04	Contig	261644	2986593	2023-07-12	3036	PRJNA944113	SAMN33735643
