{
"apiVersion": "V2",
"assemblies": [
{
  "files": [
    {
      "filePath": "data_summary.tsv",
      "fileType": "DATA_TABLE",
      "uncompressedLengthBytes": "3397"
    },
    {
      "filePath": "assembly_data_report.jsonl",
      "fileType": "DATA_REPORT",
      "uncompressedLengthBytes": "65160"
    }
  ]
},{
  "accession": "GCA_000633635.1",
  "files": [
    {
      "filePath": "GCA_000633635.1/GCA_000633635.1_NGEN_DNA_Star__genomic.fna",
      "fileType": "GENOMIC_NUCLEOTIDE_FASTA",
      "uncompressedLengthBytes": "3952705"
    }
  ]
},{
  "accession": "GCA_001544375.1",
  "files": [
    {
      "filePath": "GCA_001544375.1/GCA_001544375.1_ASM154437v1_genomic.fna",
      "fileType": "GENOMIC_NUCLEOTIDE_FASTA",
      "uncompressedLengthBytes": "2894911"
    }
  ]
},{
  "accession": "GCA_001730365.1",
  "files": [
    {
      "filePath": "GCA_001730365.1/GCA_001730365.1_ASM173036v1_genomic.fna",
      "fileType": "GENOMIC_NUCLEOTIDE_FASTA",
      "uncompressedLengthBytes": "3204052"
    }
  ]
},{
  "accession": "GCA_001885945.1",
  "files": [
    {
      "filePath": "GCA_001885945.1/GCA_001885945.1_ASM188594v1_genomic.fna",
      "fileType": "GENOMIC_NUCLEOTIDE_FASTA",
      "uncompressedLengthBytes": "2651012"
    }
  ]
},{
  "accession": "GCA_017830045.1",
  "files": [
    {
      "filePath": "GCA_017830045.1/GCA_017830045.1_ASM1783004v1_genomic.fna",
      "fileType": "GENOMIC_NUCLEOTIDE_FASTA",
      "uncompressedLengthBytes": "4217403"
    }
  ]
},{
  "accession": "GCF_000633635.1",
  "files": [
    {
      "filePath": "GCF_000633635.1/GCF_000633635.1_NGEN_DNA_Star__genomic.fna",
      "fileType": "GENOMIC_NUCLEOTIDE_FASTA",
      "uncompressedLengthBytes": "3952765"
    }
  ]
},{
  "accession": "GCF_001544375.1",
  "files": [
    {
      "filePath": "GCF_001544375.1/GCF_001544375.1_ASM154437v1_genomic.fna",
      "fileType": "GENOMIC_NUCLEOTIDE_FASTA",
      "uncompressedLengthBytes": "2893561"
    }
  ]
},{
  "accession": "GCF_001730365.1",
  "files": [
    {
      "filePath": "GCF_001730365.1/GCF_001730365.1_ASM173036v1_genomic.fna",
      "fileType": "GENOMIC_NUCLEOTIDE_FASTA",
      "uncompressedLengthBytes": "3204109"
    }
  ]
},{
  "accession": "GCF_001885945.1",
  "files": [
    {
      "filePath": "GCF_001885945.1/GCF_001885945.1_ASM188594v1_genomic.fna",
      "fileType": "GENOMIC_NUCLEOTIDE_FASTA",
      "uncompressedLengthBytes": "2651153"
    }
  ]
},{
  "accession": "GCF_017830045.1",
  "files": [
    {
      "filePath": "GCF_017830045.1/GCF_017830045.1_ASM1783004v1_genomic.fna",
      "fileType": "GENOMIC_NUCLEOTIDE_FASTA",
      "uncompressedLengthBytes": "4217463"
    }
  ]
},{
  "accession": "GCA_001886275.1",
  "files": [
    {
      "filePath": "GCA_001886275.1/GCA_001886275.1_ASM188627v1_genomic.fna",
      "fileType": "GENOMIC_NUCLEOTIDE_FASTA",
      "uncompressedLengthBytes": "4189021"
    }
  ]
},{
  "accession": "GCA_005405205.1",
  "files": [
    {
      "filePath": "GCA_005405205.1/GCA_005405205.1_ASM540520v1_genomic.fna",
      "fileType": "GENOMIC_NUCLEOTIDE_FASTA",
      "uncompressedLengthBytes": "2044885"
    }
  ]
},{
  "accession": "GCA_005405365.1",
  "files": [
    {
      "filePath": "GCA_005405365.1/GCA_005405365.1_ASM540536v1_genomic.fna",
      "fileType": "GENOMIC_NUCLEOTIDE_FASTA",
      "uncompressedLengthBytes": "2687503"
    }
  ]
},{
  "accession": "GCA_030441955.1",
  "files": [
    {
      "filePath": "GCA_030441955.1/GCA_030441955.1_ASM3044195v1_genomic.fna",
      "fileType": "GENOMIC_NUCLEOTIDE_FASTA",
      "uncompressedLengthBytes": "3048087"
    }
  ]
},{
  "accession": "GCF_001886275.1",
  "files": [
    {
      "filePath": "GCF_001886275.1/GCF_001886275.1_ASM188627v1_genomic.fna",
      "fileType": "GENOMIC_NUCLEOTIDE_FASTA",
      "uncompressedLengthBytes": "4189327"
    }
  ]
},{
  "accession": "GCF_005405205.1",
  "files": [
    {
      "filePath": "GCF_005405205.1/GCF_005405205.1_ASM540520v1_genomic.fna",
      "fileType": "GENOMIC_NUCLEOTIDE_FASTA",
      "uncompressedLengthBytes": "2045005"
    }
  ]
},{
  "accession": "GCF_005405365.1",
  "files": [
    {
      "filePath": "GCF_005405365.1/GCF_005405365.1_ASM540536v1_genomic.fna",
      "fileType": "GENOMIC_NUCLEOTIDE_FASTA",
      "uncompressedLengthBytes": "2687598"
    }
  ]
},{
  "accession": "GCF_030441955.1",
  "files": [
    {
      "filePath": "GCF_030441955.1/GCF_030441955.1_ASM3044195v1_genomic.fna",
      "fileType": "GENOMIC_NUCLEOTIDE_FASTA",
      "uncompressedLengthBytes": "3048648"
    }
  ]
}]}
