Organism Scientific Name	Organism Common Name	Organism Qualifier	Taxonomy id	Assembly Name	Assembly Accession	Source	Annotation	Level	Contig N50	Size	Submission Date	Gene Count	BioProject	BioSample
Enterobacter quasiroggenkampii		strain: WCHECL1060	2497436	ASM103936v2	GCA_001039365.2	GenBank		Contig	715650	4807091	2017-05-16		PRJNA415108	SAMN03771262
Enterobacter quasihormaechei		strain: WCHEQ120003	2529382	ASM433138v1	GCA_004331385.1	GenBank	NCBI Prokaryotic Genome Annotation Pipeline (PGAP)	Contig	214685	4556005	2019-03-06	4395	PRJNA415108	SAMN10995773
Enterobacter pasteurii		strain: P40RS	3029761	ASM1493072v1	GCA_014930725.1	GenBank	NCBI Prokaryotic Genome Annotation Pipeline (PGAP)	Contig	152770	4730052	2020-10-24	4439	PRJNA666997	SAMN16341354
Enterobacter quasimori		strain: 120130	2838947	ASM1859734v1	GCA_018597345.1	GenBank	NCBI Prokaryotic Genome Annotation Pipeline (PGAP)	Contig	809493	4639953	2021-05-30	4430	PRJNA415108	SAMN19314277
Enterobacter cancerogenus		strain: JY65	69218	ASM1966574v1	GCA_019665745.1	GenBank		Chromosome	2451850	4736684	2021-08-18		PRJNA753314	SAMN20693820
Enterobacter nematophilus		strain: E-TC7	2994648	ASM2634407v1	GCA_026344075.1	GenBank	NCBI Prokaryotic Genome Annotation Pipeline (PGAP)	Contig	603234	4708215	2022-11-23	4415	PRJNA900525	SAMN31693418
Enterobacter rongchengensis		strain: 170250	3030999	ASM3400827v1	GCA_034008275.1	GenBank	NCBI Prokaryotic Genome Annotation Pipeline (PGAP)	Contig	199762	4952144	2023-12-01	4980	PRJNA415108	SAMN33463777
Enterobacter chinensis		strain: 170198	3030997	ASM3400829v1	GCA_034008295.1	GenBank	NCBI Prokaryotic Genome Annotation Pipeline (PGAP)	Contig	702505	4847357	2023-12-01	4665	PRJNA415108	SAMN33463775
Enterobacter intestinihominis		strain: CLA-AC-H004	3133180	ASM4009614v1	GCA_040096145.1	GenBank	NCBI Prokaryotic Genome Annotation Pipeline (PGAP)	Contig	140549	4861924	2024-06-07	4732	PRJNA996881	SAMN40466814
Enterobacter quasiroggenkampii		strain: WCHECL1060	2497436	ASM103936v2	GCF_001039365.2	RefSeq	NCBI Prokaryotic Genome Annotation Pipeline (PGAP)	Contig	715650	4807091	2017-05-16	4617	PRJNA415108	SAMN03771262
Enterobacter quasihormaechei		strain: WCHEQ120003	2529382	ASM433138v1	GCF_004331385.1	RefSeq	GCF_004331385.1-RS_2024_05_13	Contig	214685	4556005	2019-03-06	4343	PRJNA415108	SAMN10995773
Enterobacter pasteurii		strain: P40RS	3029761	ASM1493072v1	GCF_014930725.1	RefSeq	NCBI Prokaryotic Genome Annotation Pipeline (PGAP)	Contig	152770	4730052	2020-10-24	4460	PRJNA666997	SAMN16341354
Enterobacter quasimori		strain: 120130	2838947	ASM1859734v1	GCF_018597345.1	RefSeq	GCF_018597345.1-RS_2024_03_29	Contig	809493	4639953	2021-05-30	4436	PRJNA415108	SAMN19314277
Enterobacter cancerogenus		strain: JY65	69218	ASM1966574v1	GCF_019665745.1	RefSeq	GCF_019665745.1-RS_2024_04_28	Chromosome	2451850	4736684	2021-08-18	4453	PRJNA753314	SAMN20693820
Enterobacter nematophilus		strain: E-TC7	2994648	ASM2634407v1	GCF_026344075.1	RefSeq	GCF_026344075.1-RS_2024_04_01	Contig	603234	4708215	2022-11-23	4418	PRJNA900525	SAMN31693418
Enterobacter rongchengensis		strain: 170250	3030999	ASM3400827v1	GCF_034008275.1	RefSeq	NCBI Prokaryotic Genome Annotation Pipeline (PGAP)	Contig	199762	4952144	2023-12-01	4982	PRJNA415108	SAMN33463777
Enterobacter chinensis		strain: 170198	3030997	ASM3400829v1	GCF_034008295.1	RefSeq	NCBI Prokaryotic Genome Annotation Pipeline (PGAP)	Contig	702505	4847357	2023-12-01	4668	PRJNA415108	SAMN33463775
Enterobacter intestinihominis		strain: CLA-AC-H004	3133180	ASM4009614v1	GCF_040096145.1	RefSeq	GCF_040096145.1-RS_2024_07_07	Contig	140549	4861924	2024-06-07	4742	PRJNA996881	SAMN40466814
