{
"apiVersion": "V2",
"assemblies": [
{
  "files": [
    {
      "filePath": "data_summary.tsv",
      "fileType": "DATA_TABLE",
      "uncompressedLengthBytes": "3645"
    },
    {
      "filePath": "assembly_data_report.jsonl",
      "fileType": "DATA_REPORT",
      "uncompressedLengthBytes": "66611"
    }
  ]
},{
  "accession": "GCA_001039365.2",
  "files": [
    {
      "filePath": "GCA_001039365.2/GCA_001039365.2_ASM103936v2_genomic.fna",
      "fileType": "GENOMIC_NUCLEOTIDE_FASTA",
      "uncompressedLengthBytes": "4869755"
    }
  ]
},{
  "accession": "GCA_004331385.1",
  "files": [
    {
      "filePath": "GCA_004331385.1/GCA_004331385.1_ASM433138v1_genomic.fna",
      "fileType": "GENOMIC_NUCLEOTIDE_FASTA",
      "uncompressedLengthBytes": "4617968"
    }
  ]
},{
  "accession": "GCA_019665745.1",
  "files": [
    {
      "filePath": "GCA_019665745.1/GCA_019665745.1_ASM1966574v1_genomic.fna",
      "fileType": "GENOMIC_NUCLEOTIDE_FASTA",
      "uncompressedLengthBytes": "4795954"
    }
  ]
},{
  "accession": "GCA_026344075.1",
  "files": [
    {
      "filePath": "GCA_026344075.1/GCA_026344075.1_ASM2634407v1_genomic.fna",
      "fileType": "GENOMIC_NUCLEOTIDE_FASTA",
      "uncompressedLengthBytes": "4769027"
    }
  ]
},{
  "accession": "GCA_034008295.1",
  "files": [
    {
      "filePath": "GCA_034008295.1/GCA_034008295.1_ASM3400829v1_genomic.fna",
      "fileType": "GENOMIC_NUCLEOTIDE_FASTA",
      "uncompressedLengthBytes": "4910734"
    }
  ]
},{
  "accession": "GCF_001039365.2",
  "files": [
    {
      "filePath": "GCF_001039365.2/GCF_001039365.2_ASM103936v2_genomic.fna",
      "fileType": "GENOMIC_NUCLEOTIDE_FASTA",
      "uncompressedLengthBytes": "4869815"
    }
  ]
},{
  "accession": "GCF_004331385.1",
  "files": [
    {
      "filePath": "GCF_004331385.1/GCF_004331385.1_ASM433138v1_genomic.fna",
      "fileType": "GENOMIC_NUCLEOTIDE_FASTA",
      "uncompressedLengthBytes": "4618121"
    }
  ]
},{
  "accession": "GCF_019665745.1",
  "files": [
    {
      "filePath": "GCF_019665745.1/GCF_019665745.1_ASM1966574v1_genomic.fna",
      "fileType": "GENOMIC_NUCLEOTIDE_FASTA",
      "uncompressedLengthBytes": "4795957"
    }
  ]
},{
  "accession": "GCF_026344075.1",
  "files": [
    {
      "filePath": "GCF_026344075.1/GCF_026344075.1_ASM2634407v1_genomic.fna",
      "fileType": "GENOMIC_NUCLEOTIDE_FASTA",
      "uncompressedLengthBytes": "4769084"
    }
  ]
},{
  "accession": "GCF_034008295.1",
  "files": [
    {
      "filePath": "GCF_034008295.1/GCF_034008295.1_ASM3400829v1_genomic.fna",
      "fileType": "GENOMIC_NUCLEOTIDE_FASTA",
      "uncompressedLengthBytes": "4910454"
    }
  ]
},{
  "accession": "GCA_014930725.1",
  "files": [
    {
      "filePath": "GCA_014930725.1/GCA_014930725.1_ASM1493072v1_genomic.fna",
      "fileType": "GENOMIC_NUCLEOTIDE_FASTA",
      "uncompressedLengthBytes": "4793907"
    }
  ]
},{
  "accession": "GCA_018597345.1",
  "files": [
    {
      "filePath": "GCA_018597345.1/GCA_018597345.1_ASM1859734v1_genomic.fna",
      "fileType": "GENOMIC_NUCLEOTIDE_FASTA",
      "uncompressedLengthBytes": "4700933"
    }
  ]
},{
  "accession": "GCA_034008275.1",
  "files": [
    {
      "filePath": "GCA_034008275.1/GCA_034008275.1_ASM3400827v1_genomic.fna",
      "fileType": "GENOMIC_NUCLEOTIDE_FASTA",
      "uncompressedLengthBytes": "5023349"
    }
  ]
},{
  "accession": "GCA_040096145.1",
  "files": [
    {
      "filePath": "GCA_040096145.1/GCA_040096145.1_ASM4009614v1_genomic.fna",
      "fileType": "GENOMIC_NUCLEOTIDE_FASTA",
      "uncompressedLengthBytes": "4935302"
    }
  ]
},{
  "accession": "GCF_014930725.1",
  "files": [
    {
      "filePath": "GCF_014930725.1/GCF_014930725.1_ASM1493072v1_genomic.fna",
      "fileType": "GENOMIC_NUCLEOTIDE_FASTA",
      "uncompressedLengthBytes": "4794051"
    }
  ]
},{
  "accession": "GCF_018597345.1",
  "files": [
    {
      "filePath": "GCF_018597345.1/GCF_018597345.1_ASM1859734v1_genomic.fna",
      "fileType": "GENOMIC_NUCLEOTIDE_FASTA",
      "uncompressedLengthBytes": "4701023"
    }
  ]
},{
  "accession": "GCF_034008275.1",
  "files": [
    {
      "filePath": "GCF_034008275.1/GCF_034008275.1_ASM3400827v1_genomic.fna",
      "fileType": "GENOMIC_NUCLEOTIDE_FASTA",
      "uncompressedLengthBytes": "5022014"
    }
  ]
},{
  "accession": "GCF_040096145.1",
  "files": [
    {
      "filePath": "GCF_040096145.1/GCF_040096145.1_ASM4009614v1_genomic.fna",
      "fileType": "GENOMIC_NUCLEOTIDE_FASTA",
      "uncompressedLengthBytes": "4935584"
    }
  ]
}]}
