Organism Scientific Name	Organism Common Name	Organism Qualifier	Taxonomy id	Assembly Name	Assembly Accession	Source	Annotation	Level	Contig N50	Size	Submission Date	Gene Count	BioProject	BioSample
Enterobacter roggenkampii		strain: DSM 16690	1812935	ASM172980v1	GCA_001729805.1	GenBank	NCBI Prokaryotic Genome Annotation Pipeline (PGAP)	Complete Genome	4748414	4899997	2016-09-16	4603	PRJNA259658	SAMN05581750
Enterobacter ludwigii		strain: EN-119	299767	ASM175072v1	GCA_001750725.1	GenBank	NCBI Prokaryotic Genome Annotation Pipeline (PGAP)	Complete Genome	4857439	4952770	2016-10-03	4670	PRJNA343411	SAMN05787341
Enterobacter chengduensis		strain: WCHECl-C4 = WCHECh050004	2494701	ASM198482v2	GCA_001984825.2	GenBank	NCBI Prokaryotic Genome Annotation Pipeline (PGAP)	Complete Genome	5111427	5218125	2019-09-03	5044	PRJNA415108	SAMN06249239
Enterobacter huaxiensis		strain: 090008	2494702	ASM359493v2	GCA_003594935.2	GenBank	NCBI Prokaryotic Genome Annotation Pipeline (PGAP)	Complete Genome	4902119	5037746	2022-04-04	4847	PRJNA415108	SAMN09845186
Enterobacter dykesii		strain: E1	2797506	ASM836462v2	GCA_008364625.2	GenBank	NCBI Prokaryotic Genome Annotation Pipeline (PGAP)	Complete Genome	4554876	4554876	2024-06-04	4350	PRJNA559804	SAMN12560198
Enterobacter oligotrophicus		strain: CCA6	2478464	ASM917664v1	GCA_009176645.1	GenBank		Complete Genome	4476585	4476585	2019-03-18		PRJDB7530	SAMD00143594
Enterobacter hormaechei	CDC Enteric Group 75	strain: FDAARGOS 1433	158836	ASM1904824v1	GCA_019048245.1	GenBank	NCBI Prokaryotic Genome Annotation Pipeline (PGAP)	Complete Genome	4197933	4915930	2021-06-28	4747	PRJNA231221	SAMN16357575
Enterobacter bugandensis		isolate: EB-247	881260	EB-247	GCA_900324475.1	GenBank		Complete Genome	4717613	4717613	2018-04-04		PRJEB11452	SAMEA104711314
Enterobacter cloacae		isolate: 1382	550	AI2999v1_cpp	GCA_905331265.2	GenBank	Annotation submitted by CNAG-CRG	Complete Genome	4886885	5023439	2022-05-24	4683	PRJEB42440	SAMEA8065834
Enterobacter roggenkampii		strain: DSM 16690	1812935	ASM172980v1	GCF_001729805.1	RefSeq	NCBI Prokaryotic Genome Annotation Pipeline (PGAP)	Complete Genome	4748414	4899997	2016-09-16	4649	PRJNA259658	SAMN05581750
Enterobacter ludwigii		strain: EN-119	299767	ASM175072v1	GCF_001750725.1	RefSeq	NCBI Prokaryotic Genome Annotation Pipeline (PGAP)	Complete Genome	4857439	4952770	2016-10-03	4708	PRJNA343411	SAMN05787341
Enterobacter chengduensis		strain: WCHECl-C4 = WCHECh050004	2494701	ASM198482v2	GCF_001984825.2	RefSeq	GCF_001984825.2-RS_2024_04_14	Complete Genome	5111427	5218125	2019-09-03	5004	PRJNA415108	SAMN06249239
Enterobacter huaxiensis		strain: 090008	2494702	ASM359493v2	GCF_003594935.2	RefSeq	GCF_003594935.2-RS_2024_09_13	Complete Genome	4902119	5037746	2022-04-04	4823	PRJNA415108	SAMN09845186
Enterobacter dykesii		strain: E1	2797506	ASM836462v2	GCF_008364625.2	RefSeq	GCF_008364625.2-RS_2024_06_05	Complete Genome	4554876	4554876	2024-06-06	4350	PRJNA559804	SAMN12560198
Enterobacter oligotrophicus		strain: CCA6	2478464	ASM917664v1	GCF_009176645.1	RefSeq	GCF_009176645.1-RS_2024_03_28	Complete Genome	4476585	4476585	2019-03-18	4263	PRJDB7530	SAMD00143594
Enterobacter hormaechei	CDC Enteric Group 75	strain: FDAARGOS 1433	158836	ASM1904824v1	GCF_019048245.1	RefSeq	GCF_019048245.1-RS_2024_03_31	Complete Genome	4197933	4915930	2021-06-28	4774	PRJNA231221	SAMN16357575
Enterobacter bugandensis		isolate: EB-247	881260	EB-247	GCF_900324475.1	RefSeq	NCBI Prokaryotic Genome Annotation Pipeline (PGAP)	Complete Genome	4717613	4717613	2018-04-04	4493	PRJEB11452	SAMEA104711314
Enterobacter cloacae		isolate: 1382	550	AI2999v1_cpp	GCF_905331265.2	RefSeq	GCF_905331265.2-RS_2024_06_04	Complete Genome	4886885	5023439	2022-05-24	4820	PRJEB42440	SAMEA8065834
