{
"apiVersion": "V2",
"assemblies": [
{
  "files": [
    {
      "filePath": "data_summary.tsv",
      "fileType": "DATA_TABLE",
      "uncompressedLengthBytes": "3762"
    },
    {
      "filePath": "assembly_data_report.jsonl",
      "fileType": "DATA_REPORT",
      "uncompressedLengthBytes": "69973"
    }
  ]
},{
  "accession": "GCA_001984825.2",
  "files": [
    {
      "filePath": "GCA_001984825.2/GCA_001984825.2_ASM198482v2_genomic.fna",
      "fileType": "GENOMIC_NUCLEOTIDE_FASTA",
      "uncompressedLengthBytes": "5283545"
    }
  ]
},{
  "accession": "GCA_003594935.2",
  "files": [
    {
      "filePath": "GCA_003594935.2/GCA_003594935.2_ASM359493v2_genomic.fna",
      "fileType": "GENOMIC_NUCLEOTIDE_FASTA",
      "uncompressedLengthBytes": "5100884"
    }
  ]
},{
  "accession": "GCA_008364625.2",
  "files": [
    {
      "filePath": "GCA_008364625.2/GCA_008364625.2_ASM836462v2_genomic.fna",
      "fileType": "GENOMIC_NUCLEOTIDE_FASTA",
      "uncompressedLengthBytes": "4611883"
    }
  ]
},{
  "accession": "GCA_019048245.1",
  "files": [
    {
      "filePath": "GCA_019048245.1/GCA_019048245.1_ASM1904824v1_genomic.fna",
      "fileType": "GENOMIC_NUCLEOTIDE_FASTA",
      "uncompressedLengthBytes": "4977633"
    }
  ]
},{
  "accession": "GCA_905331265.2",
  "files": [
    {
      "filePath": "GCA_905331265.2/GCA_905331265.2_AI2999v1_cpp_genomic.fna",
      "fileType": "GENOMIC_NUCLEOTIDE_FASTA",
      "uncompressedLengthBytes": "5086464"
    }
  ]
},{
  "accession": "GCF_001984825.2",
  "files": [
    {
      "filePath": "GCF_001984825.2/GCF_001984825.2_ASM198482v2_genomic.fna",
      "fileType": "GENOMIC_NUCLEOTIDE_FASTA",
      "uncompressedLengthBytes": "5283566"
    }
  ]
},{
  "accession": "GCF_003594935.2",
  "files": [
    {
      "filePath": "GCF_003594935.2/GCF_003594935.2_ASM359493v2_genomic.fna",
      "fileType": "GENOMIC_NUCLEOTIDE_FASTA",
      "uncompressedLengthBytes": "5100890"
    }
  ]
},{
  "accession": "GCF_008364625.2",
  "files": [
    {
      "filePath": "GCF_008364625.2/GCF_008364625.2_ASM836462v2_genomic.fna",
      "fileType": "GENOMIC_NUCLEOTIDE_FASTA",
      "uncompressedLengthBytes": "4611886"
    }
  ]
},{
  "accession": "GCF_019048245.1",
  "files": [
    {
      "filePath": "GCF_019048245.1/GCF_019048245.1_ASM1904824v1_genomic.fna",
      "fileType": "GENOMIC_NUCLEOTIDE_FASTA",
      "uncompressedLengthBytes": "4977642"
    }
  ]
},{
  "accession": "GCF_905331265.2",
  "files": [
    {
      "filePath": "GCF_905331265.2/GCF_905331265.2_AI2999v1_cpp_genomic.fna",
      "fileType": "GENOMIC_NUCLEOTIDE_FASTA",
      "uncompressedLengthBytes": "5086476"
    }
  ]
},{
  "accession": "GCA_001729805.1",
  "files": [
    {
      "filePath": "GCA_001729805.1/GCA_001729805.1_ASM172980v1_genomic.fna",
      "fileType": "GENOMIC_NUCLEOTIDE_FASTA",
      "uncompressedLengthBytes": "4961415"
    }
  ]
},{
  "accession": "GCA_001750725.1",
  "files": [
    {
      "filePath": "GCA_001750725.1/GCA_001750725.1_ASM175072v1_genomic.fna",
      "fileType": "GENOMIC_NUCLEOTIDE_FASTA",
      "uncompressedLengthBytes": "5014841"
    }
  ]
},{
  "accession": "GCA_009176645.1",
  "files": [
    {
      "filePath": "GCA_009176645.1/GCA_009176645.1_ASM917664v1_genomic.fna",
      "fileType": "GENOMIC_NUCLEOTIDE_FASTA",
      "uncompressedLengthBytes": "4532609"
    }
  ]
},{
  "accession": "GCA_900324475.1",
  "files": [
    {
      "filePath": "GCA_900324475.1/GCA_900324475.1_EB-247_genomic.fna",
      "fileType": "GENOMIC_NUCLEOTIDE_FASTA",
      "uncompressedLengthBytes": "4776667"
    }
  ]
},{
  "accession": "GCF_001729805.1",
  "files": [
    {
      "filePath": "GCF_001729805.1/GCF_001729805.1_ASM172980v1_genomic.fna",
      "fileType": "GENOMIC_NUCLEOTIDE_FASTA",
      "uncompressedLengthBytes": "4961430"
    }
  ]
},{
  "accession": "GCF_001750725.1",
  "files": [
    {
      "filePath": "GCF_001750725.1/GCF_001750725.1_ASM175072v1_genomic.fna",
      "fileType": "GENOMIC_NUCLEOTIDE_FASTA",
      "uncompressedLengthBytes": "5014845"
    }
  ]
},{
  "accession": "GCF_009176645.1",
  "files": [
    {
      "filePath": "GCF_009176645.1/GCF_009176645.1_ASM917664v1_genomic.fna",
      "fileType": "GENOMIC_NUCLEOTIDE_FASTA",
      "uncompressedLengthBytes": "4532626"
    }
  ]
},{
  "accession": "GCF_900324475.1",
  "files": [
    {
      "filePath": "GCF_900324475.1/GCF_900324475.1_EB-247_genomic.fna",
      "fileType": "GENOMIC_NUCLEOTIDE_FASTA",
      "uncompressedLengthBytes": "4776652"
    }
  ]
}]}
