sample_id,file_name,CDS,gene,rRNA,tRNA,tmRNA
,PDT001147114_1_prokka.csv,3744,3810,3,62,1.0
,PDT001407809_3_prokka.csv,3635,3701,2,63,1.0
,PDT000595466_1_prokka.csv,6232,6303,5,65,1.0
,PDT001659626_1_prokka.csv,2777,2838,3,57,1.0
,PDT000701607_1_prokka.csv,3047,3105,4,53,1.0
,PDT000114345_2_prokka.csv,3719,3776,2,54,1.0
,PDT000899230_3_prokka.csv,3634,3698,4,59,1.0
,PDT000876202_1_prokka.csv,5173,5244,4,66,1.0
,PDT001986334_1_prokka.csv,6110,6181,2,68,1.0
,PDT001717641_1_prokka.csv,5813,5927,25,88,1.0
,PDT000466524_2_prokka.csv,2796,2857,5,55,1.0
,PDT001952754_1_prokka.csv,3641,3710,4,64,1.0
,PDT000106049_2_prokka.csv,3058,3175,12,104,1.0
,PDT001854840_2_prokka.csv,3778,3849,4,66,1.0
,PDT000769083_1_prokka.csv,5803,5865,2,59,1.0
,PDT001099576_1_prokka.csv,5775,5867,15,76,1.0
,PDT001505180_1_prokka.csv,5818,5890,5,66,1.0
,PDT000884828_1_prokka.csv,2595,2656,4,56,1.0
,PDT000945267_2_prokka.csv,3684,3753,5,63,1.0
,PDT001597926_1_prokka.csv,2569,2633,5,58,1.0
,PDT002164898_1_prokka.csv,2654,2720,8,57,1.0
,PDT002086207_1_prokka.csv,3641,3707,7,58,1.0
,PDT000343258_2_prokka.csv,2770,2825,6,48,1.0
,PDT001493205_1_prokka.csv,5169,5249,7,72,1.0
,PDT000701651_1_prokka.csv,2971,3035,4,59,1.0
,PDT000388831_1_prokka.csv,6256,6318,3,58,1.0
,PDT001967536_1_prokka.csv,2745,2813,6,61,1.0
,PDT001176192_1_prokka.csv,2944,3002,3,54,1.0
,PDT001147079_1_prokka.csv,3599,3661,4,57,1.0
,PDT001894189_1_prokka.csv,5875,5948,3,69,1.0
,PDT001877676_1_prokka.csv,6621,6706,12,72,1.0
,PDT001530044_1_prokka.csv,2606,2670,6,57,1.0
,PDT000045461_1_prokka.csv,5745,5814,4,64,1.0
,PDT000753287_1_prokka.csv,5913,5977,3,60,1.0
,PDT001159263_3_prokka.csv,6910,6986,5,70,1.0
,PDT001091023_1_prokka.csv,6772,6846,3,70,1.0
,PDT001514493_1_prokka.csv,3157,3246,18,70,1.0
,PDT000210084_2_prokka.csv,2568,2635,5,61,1.0
,PDT001608751_1_prokka.csv,6035,6106,3,67,1.0
,PDT000790058_1_prokka.csv,6310,6374,3,60,1.0
,PDT001249986_1_prokka.csv,2485,2547,4,57,1.0
,PDT000937843_1_prokka.csv,2590,2661,7,63,1.0
,PDT002127272_1_prokka.csv,5187,5232,2,42,1.0
,PDT001238267_1_prokka.csv,6153,6226,4,68,1.0
,PDT001562063_1_prokka.csv,2641,2702,3,57,1.0
,PDT001411149_1_prokka.csv,5641,5735,10,83,1.0
,PDT001730367_1_prokka.csv,5985,6055,4,65,1.0
,PDT001221969_1_prokka.csv,5944,6014,3,66,1.0
,PDT000826540_2_prokka.csv,2890,2960,8,61,1.0
,PDT002085413_1_prokka.csv,5644,5756,25,86,1.0
,PDT000369887_1_prokka.csv,5247,5338,9,81,1.0
,PDT001562420_1_prokka.csv,2510,2573,4,58,1.0
,PDT001976825_1_prokka.csv,2682,2743,5,55,1.0
,PDT002035302_1_prokka.csv,5684,5753,3,65,1.0
,PDT000715205_1_prokka.csv,5220,5302,7,74,1.0
,PDT001352966_3_prokka.csv,3760,3818,3,54,1.0
,PDT002364868_1_prokka.csv,3405,3471,3,62,1.0
,PDT002030087_1_prokka.csv,6576,6643,2,64,1.0
,PDT001371362_1_prokka.csv,6086,6158,3,68,1.0
,PDT001213821_1_prokka.csv,3035,3091,3,52,1.0
,PDT001981580_1_prokka.csv,5243,5330,6,80,1.0
,PDT001077719_1_prokka.csv,2476,2540,6,57,1.0
,PDT000381702_1_prokka.csv,5275,5386,25,85,1.0
,PDT001529412_1_prokka.csv,2545,2555,3,6,1.0
,PDT000645219_3_prokka.csv,2815,2904,18,70,1.0
,PDT001469706_1_prokka.csv,3841,3901,2,57,1.0
,PDT001897940_1_prokka.csv,6110,6182,3,68,1.0
,PDT001414055_1_prokka.csv,5860,5934,3,70,1.0
,PDT002333161_1_prokka.csv,5475,5592,25,91,1.0
,PDT001993822_1_prokka.csv,6250,6320,2,67,1.0
,PDT002113414_1_prokka.csv,3784,3853,5,63,1.0
,PDT001336683_1_prokka.csv,5142,5222,3,76,1.0
,PDT002078431_1_prokka.csv,3549,3615,2,63,1.0
,PDT001711586_1_prokka.csv,2580,2644,5,58,1.0
,PDT002369438_1_prokka.csv,4790,4903,25,87,1.0
,PDT000169852_2_prokka.csv,2898,2975,9,67,1.0
,PDT000132960_2_prokka.csv,5088,5167,9,69,1.0
,PDT000326536_1_prokka.csv,5256,5346,11,78,1.0
,PDT001471629_1_prokka.csv,6290,6361,3,67,1.0
,PDT000427397_1_prokka.csv,5263,5341,4,73,1.0
,PDT000743156_1_prokka.csv,2744,2798,3,50,1.0
,PDT001557224_1_prokka.csv,2651,2694,5,37,1.0
,PDT001643260_1_prokka.csv,2470,2533,4,58,1.0
,PDT001672332_1_prokka.csv,5051,5139,10,77,1.0
,PDT000740912_1_prokka.csv,2816,2843,3,23,1.0
,PDT002178522_1_prokka.csv,5199,5294,16,78,1.0
,PDT000913245_1_prokka.csv,2890,2941,3,47,1.0
,PDT000489855_1_prokka.csv,4967,5066,13,85,1.0
,PDT001532013_1_prokka.csv,2775,2841,7,58,1.0
,PDT000701038_1_prokka.csv,2948,3012,4,59,1.0
,PDT001094430_1_prokka.csv,5936,6007,3,67,1.0
,PDT001388414_1_prokka.csv,5908,5981,3,69,1.0
,PDT001218573_1_prokka.csv,3818,3886,3,64,1.0
,PDT000418815_1_prokka.csv,3743,3816,9,63,1.0
,PDT002121117_1_prokka.csv,2733,2797,6,57,1.0
,PDT001308656_1_prokka.csv,5372,5452,8,71,1.0
,PDT001175389_1_prokka.csv,6142,6212,5,64,1.0
,PDT001672353_1_prokka.csv,6661,6731,3,66,1.0
,PDT001695917_1_prokka.csv,2730,2765,3,31,1.0
,PDT001395190_2_prokka.csv,6247,6309,3,58,1.0
,PDT000899068_3_prokka.csv,4048,4112,2,61,1.0
,PDT002081885_2_prokka.csv,5831,5907,7,68,1.0
,PDT000901811_3_prokka.csv,3699,3762,3,59,1.0
,PDT001317171_1_prokka.csv,2607,2668,3,57,1.0
,PDT000498575_2_prokka.csv,2685,2742,4,52,1.0
,PDT001898040_1_prokka.csv,6089,6163,3,70,1.0
,PDT000313792_2_prokka.csv,2457,2517,5,54,1.0
,PDT001259132_1_prokka.csv,2726,2790,6,57,1.0
,PDT000933115_1_prokka.csv,2671,2734,6,56,1.0
,PDT001549643_1_prokka.csv,3913,3979,3,62,1.0
,PDT002059877_1_prokka.csv,3824,3892,3,64,1.0
,PDT001831655_1_prokka.csv,2886,2947,3,57,1.0
,PDT001000624_1_prokka.csv,6163,6231,3,64,1.0
,PDT000210126_2_prokka.csv,2678,2747,5,63,1.0
,PDT001852549_1_prokka.csv,6029,6097,3,64,1.0
,PDT000483020_1_prokka.csv,6258,6333,5,69,1.0
,PDT001321925_1_prokka.csv,2652,2716,6,57,1.0
,PDT000741899_1_prokka.csv,2797,2865,5,62,1.0
,PDT000913224_1_prokka.csv,2901,2973,7,64,1.0
,PDT001576068_1_prokka.csv,2547,2609,3,58,1.0
,PDT001878368_1_prokka.csv,4847,4918,3,67,1.0
,PDT000704480_1_prokka.csv,2664,2719,4,50,1.0
,PDT001210115_1_prokka.csv,5785,5854,2,66,1.0
,PDT000923411_1_prokka.csv,5734,5804,3,66,1.0
,PDT001711776_1_prokka.csv,2498,2559,3,57,1.0
,PDT001967571_1_prokka.csv,2842,2911,6,62,1.0
,PDT002313541_1_prokka.csv,3931,4023,18,73,1.0
,PDT002146218_1_prokka.csv,5861,5921,3,56,1.0
,PDT000704544_1_prokka.csv,2735,2795,5,54,1.0
,PDT001413835_1_prokka.csv,5971,6046,3,71,1.0
,PDT002208126_1_prokka.csv,5396,5478,3,78,1.0
,PDT002239533_1_prokka.csv,3737,3805,3,64,1.0
,PDT001405382_1_prokka.csv,2864,2920,3,52,1.0
,PDT001562526_1_prokka.csv,2556,2619,4,58,1.0
,PDT001927098_1_prokka.csv,5641,5719,9,68,1.0
,PDT002121298_1_prokka.csv,2971,3033,4,57,1.0
,PDT001325655_1_prokka.csv,2671,2728,5,52,
,PDT001817144_1_prokka.csv,3636,3702,2,63,1.0
,PDT001558381_1_prokka.csv,5263,5348,7,77,1.0
,PDT002031653_1_prokka.csv,5126,5224,14,83,1.0
,PDT000907141_1_prokka.csv,2776,2847,8,62,1.0
,PDT002178351_1_prokka.csv,5015,5110,13,81,1.0
,PDT000371442_2_prokka.csv,2656,2692,4,31,1.0
,PDT000743047_1_prokka.csv,2981,3047,6,59,1.0
,PDT001552184_3_prokka.csv,4052,4116,3,60,1.0
,PDT001500014_1_prokka.csv,2500,2566,7,58,1.0
,PDT002178571_1_prokka.csv,2671,2719,4,43,1.0
,PDT001408856_1_prokka.csv,2516,2568,5,46,1.0
,PDT001231379_1_prokka.csv,3734,3805,3,67,1.0
,PDT001909105_1_prokka.csv,2844,2898,3,50,1.0
,PDT001018959_2_prokka.csv,2687,2750,4,58,1.0
,PDT002023424_1_prokka.csv,6396,6465,4,64,1.0
,PDT001177221_1_prokka.csv,2884,2945,6,54,1.0
,PDT001481686_1_prokka.csv,5064,5165,15,85,1.0
,PDT000767585_1_prokka.csv,3707,3774,7,59,1.0
,PDT001087466_1_prokka.csv,5048,5131,4,78,1.0
,PDT001049079_1_prokka.csv,2863,2924,4,56,1.0
,PDT001008035_1_prokka.csv,5172,5256,6,77,1.0
,PDT002027751_1_prokka.csv,6210,6278,3,64,1.0
,PDT001500438_1_prokka.csv,2626,2688,5,56,1.0
,PDT001532294_1_prokka.csv,2663,2728,5,59,1.0
,PDT001507660_1_prokka.csv,2552,2618,7,58,1.0
,PDT001727373_1_prokka.csv,6115,6192,3,73,1.0
,PDT001903267_1_prokka.csv,4982,5063,3,77,1.0
,PDT001092316_1_prokka.csv,4895,4982,8,78,1.0
,PDT000705036_1_prokka.csv,2790,2855,5,59,1.0
,PDT001607311_1_prokka.csv,2577,2636,4,54,1.0
,PDT001071583_3_prokka.csv,6384,6451,3,63,1.0
,PDT001231282_1_prokka.csv,3678,3745,3,63,1.0
,PDT000538357_1_prokka.csv,5044,5132,7,80,1.0
,PDT002273802_1_prokka.csv,6118,6203,12,72,1.0
,PDT001991847_1_prokka.csv,6068,6141,7,65,1.0
,PDT001484083_1_prokka.csv,6227,6302,5,69,1.0
,PDT000790237_2_prokka.csv,2639,2710,9,61,1.0
,PDT000974779_1_prokka.csv,2872,2933,4,56,1.0
,PDT000914473_1_prokka.csv,5330,5443,25,87,1.0
,PDT002117618_1_prokka.csv,2649,2688,4,34,1.0
,PDT001508523_2_prokka.csv,2530,2595,5,59,1.0
,PDT002022480_1_prokka.csv,6248,6321,3,69,1.0
,PDT001898732_1_prokka.csv,3671,3742,5,65,1.0
,PDT002160663_1_prokka.csv,5029,5130,19,81,1.0
,PDT001547417_1_prokka.csv,2630,2694,5,58,1.0
,PDT001299837_1_prokka.csv,5020,5103,6,76,1.0
,PDT000482878_1_prokka.csv,3770,3837,3,63,1.0
,PDT002052408_1_prokka.csv,5313,5401,10,77,1.0
,PDT001952936_1_prokka.csv,2671,2727,3,52,1.0
,PDT001516202_1_prokka.csv,2601,2663,3,58,1.0
,PDT000463739_1_prokka.csv,3840,3908,3,64,1.0
,PDT000701061_1_prokka.csv,2790,2852,4,57,1.0
,PDT000893191_1_prokka.csv,3843,3911,2,65,1.0
,PDT002125209_1_prokka.csv,5373,5454,5,75,1.0
,PDT001952743_1_prokka.csv,3676,3747,5,65,1.0
,PDT001637923_1_prokka.csv,2699,2762,5,57,1.0
,PDT001057006_3_prokka.csv,3588,3655,3,63,1.0
,PDT000111413_2_prokka.csv,3775,3843,4,63,1.0
,PDT000113700_2_prokka.csv,3786,3842,4,51,1.0
,PDT001283343_1_prokka.csv,2917,2956,3,35,1.0
,PDT002389077_1_prokka.csv,3798,3867,6,62,1.0
,PDT001533029_1_prokka.csv,2729,2794,5,59,1.0
,PDT001317239_1_prokka.csv,2542,2606,5,58,1.0
,PDT002208514_1_prokka.csv,6647,6718,3,67,1.0
,PDT001981813_1_prokka.csv,2550,2612,4,57,1.0
,PDT002138910_1_prokka.csv,2676,2740,5,58,1.0
,PDT001275404_1_prokka.csv,3020,3106,18,67,1.0
,PDT000892993_1_prokka.csv,3912,3980,3,64,1.0
,PDT001603133_1_prokka.csv,3543,3610,3,63,1.0
,PDT001961310_1_prokka.csv,3784,3852,3,64,1.0
,PDT001772982_1_prokka.csv,5241,5328,9,77,1.0
,PDT000578333_2_prokka.csv,2766,2828,3,58,1.0
,PDT000898309_3_prokka.csv,6417,6489,4,67,1.0
,PDT002331218_1_prokka.csv,6705,6774,3,65,1.0
,PDT001707429_3_prokka.csv,3659,3728,5,63,1.0
,PDT001549627_1_prokka.csv,3484,3551,3,63,1.0
,PDT001758460_1_prokka.csv,5384,5463,3,75,1.0
,PDT001578066_1_prokka.csv,2516,2581,5,59,1.0
,PDT000045283_1_prokka.csv,5974,6045,3,67,1.0
,PDT001411045_1_prokka.csv,5177,5259,6,75,1.0
,PDT002028829_2_prokka.csv,5156,5268,25,86,1.0
,PDT000432705_2_prokka.csv,3564,3629,5,59,1.0
,PDT001283419_1_prokka.csv,2992,3046,5,48,1.0
,PDT001135154_1_prokka.csv,3796,3860,2,61,1.0
,PDT001339003_1_prokka.csv,5626,5695,4,64,1.0
,PDT002156357_1_prokka.csv,3684,3751,3,63,1.0
,PDT001413312_1_prokka.csv,6208,6284,7,68,1.0
,PDT002164908_1_prokka.csv,2663,2732,8,60,1.0
,PDT001213336_1_prokka.csv,2908,2969,4,56,1.0
,PDT000293767_1_prokka.csv,5832,5899,3,63,1.0
,PDT001543480_1_prokka.csv,2527,2588,2,58,1.0
,PDT000411604_1_prokka.csv,5962,6037,6,68,1.0
,PDT002369425_1_prokka.csv,5317,5429,25,86,1.0
,PDT001365337_1_prokka.csv,5590,5660,3,66,1.0
,PDT001646237_1_prokka.csv,2529,2593,5,58,1.0
,PDT001419937_3_prokka.csv,3479,3537,3,54,1.0
,PDT000694282_1_prokka.csv,2625,2670,3,41,1.0
,PDT000701722_1_prokka.csv,3007,3066,3,55,1.0
,PDT000394414_1_prokka.csv,5251,5347,14,81,1.0
,PDT000893176_1_prokka.csv,3964,4031,3,63,1.0
,PDT000701293_1_prokka.csv,2942,3003,4,56,1.0
,PDT001516883_1_prokka.csv,2632,2697,5,59,1.0
,PDT001703426_1_prokka.csv,2580,2643,5,57,1.0
,PDT001913124_2_prokka.csv,4058,4125,3,63,1.0
,PDT001505898_1_prokka.csv,3906,3971,2,62,1.0
,PDT000600537_1_prokka.csv,3734,3803,4,64,1.0
,PDT001506417_1_prokka.csv,3784,3856,6,65,1.0
,PDT001874192_1_prokka.csv,2515,2579,5,58,1.0
,PDT000932671_3_prokka.csv,3533,3599,3,62,1.0
,PDT000929647_1_prokka.csv,5117,5198,5,75,1.0
,PDT001713084_1_prokka.csv,2665,2729,5,58,1.0
,PDT001807255_1_prokka.csv,4919,5002,6,76,1.0
,PDT001474232_1_prokka.csv,2751,2805,3,50,1.0
,PDT002335175_1_prokka.csv,5210,5288,7,70,1.0
,PDT000186202_1_prokka.csv,5877,5954,7,69,1.0
,PDT001261258_1_prokka.csv,4781,4862,5,75,1.0
,PDT002088888_1_prokka.csv,5197,5277,4,75,1.0
,PDT001019609_1_prokka.csv,5100,5189,11,77,1.0
,PDT001571133_1_prokka.csv,2646,2707,2,58,1.0
,PDT001259169_1_prokka.csv,2857,2916,5,53,1.0
,PDT001792480_1_prokka.csv,3677,3745,3,64,1.0
,PDT001957336_1_prokka.csv,3697,3764,3,63,1.0
,PDT000923808_1_prokka.csv,2741,2789,3,44,1.0
,PDT000858198_1_prokka.csv,5509,5588,9,69,1.0
,PDT002346861_1_prokka.csv,5003,5074,4,66,1.0
,PDT000913226_1_prokka.csv,2803,2873,7,62,1.0
,PDT001898713_1_prokka.csv,3585,3650,3,61,1.0
,PDT001559865_1_prokka.csv,2529,2593,5,58,1.0
,PDT000933639_1_prokka.csv,2541,2592,3,47,1.0
,PDT000045414_1_prokka.csv,6256,6325,2,66,1.0
,PDT001773235_1_prokka.csv,2691,2754,4,58,1.0
,PDT002094390_1_prokka.csv,3659,3704,3,41,1.0
,PDT001502917_1_prokka.csv,3503,3572,6,62,1.0
,PDT001931351_1_prokka.csv,2802,2875,8,64,1.0
,PDT002365233_1_prokka.csv,3508,3575,3,63,1.0
,PDT001135056_1_prokka.csv,2566,2629,4,58,1.0
,PDT000699755_1_prokka.csv,2926,2988,4,57,1.0
,PDT001501136_1_prokka.csv,2603,2665,3,58,1.0
,PDT001492893_1_prokka.csv,2517,2579,4,57,1.0
,PDT001873504_1_prokka.csv,5638,5684,5,40,1.0
,PDT001414058_1_prokka.csv,5966,6036,3,66,1.0
,PDT001381306_1_prokka.csv,5236,5318,4,77,1.0
,PDT001563013_1_prokka.csv,2561,2625,5,58,1.0
,PDT001135449_1_prokka.csv,3632,3698,2,63,1.0
,PDT000549701_2_prokka.csv,5078,5190,25,86,1.0
,PDT001955989_1_prokka.csv,2736,2780,3,40,1.0
,PDT000358179_2_prokka.csv,3027,3091,3,60,1.0
,PDT001993766_1_prokka.csv,6230,6299,3,65,1.0
,PDT000216854_1_prokka.csv,3453,3509,3,52,1.0
,PDT002329043_1_prokka.csv,2561,2640,19,59,1.0
,PDT000795130_1_prokka.csv,6124,6196,3,68,1.0
,PDT000976343_1_prokka.csv,2906,2964,4,53,1.0
,PDT000188394_1_prokka.csv,5911,5985,7,66,1.0
,PDT002040798_1_prokka.csv,3790,3859,3,65,1.0
,PDT000701067_1_prokka.csv,2788,2846,4,53,1.0
,PDT001530154_1_prokka.csv,2563,2590,4,22,1.0
,PDT001942140_1_prokka.csv,5277,5363,6,79,1.0
,PDT001913142_1_prokka.csv,2789,2853,4,59,1.0
,PDT000427138_1_prokka.csv,5355,5436,4,76,1.0
,PDT002081374_1_prokka.csv,2519,2583,5,58,1.0
,PDT001946902_2_prokka.csv,3842,3910,4,63,1.0
,PDT001612768_1_prokka.csv,5032,5113,4,76,1.0
,PDT001611989_3_prokka.csv,3815,3881,2,63,1.0
,PDT002064754_1_prokka.csv,2639,2704,5,59,1.0
,PDT001529127_1_prokka.csv,2568,2634,6,59,1.0
,PDT000222043_1_prokka.csv,5448,5547,10,88,1.0
,PDT001564175_1_prokka.csv,2655,2718,5,57,1.0
,PDT000945224_2_prokka.csv,3626,3694,4,63,1.0
,PDT000526363_1_prokka.csv,3661,3733,7,64,1.0
,PDT000605033_1_prokka.csv,5130,5243,25,87,1.0
,PDT000907085_1_prokka.csv,2902,2972,7,62,1.0
,PDT002247014_1_prokka.csv,6446,6519,3,69,1.0
,PDT001500107_4_prokka.csv,2500,2561,3,57,1.0
,PDT001817104_1_prokka.csv,3555,3622,2,64,1.0
,PDT001465193_1_prokka.csv,6806,6880,3,70,1.0
,PDT002241666_1_prokka.csv,2563,2631,3,64,1.0
,PDT001112878_1_prokka.csv,2643,2724,19,61,1.0
,PDT000663723_1_prokka.csv,3672,3737,4,60,1.0
,PDT000045303_1_prokka.csv,5747,5818,3,67,1.0
,PDT001512382_1_prokka.csv,2557,2618,3,57,1.0
,PDT001020006_1_prokka.csv,4987,5073,8,77,1.0
,PDT001065593_1_prokka.csv,3597,3666,7,61,1.0
,PDT001473927_1_prokka.csv,2927,2991,4,59,1.0
,PDT001044093_1_prokka.csv,3924,3995,3,67,1.0
,PDT002383219_1_prokka.csv,5028,5139,25,85,1.0
,PDT002136291_1_prokka.csv,2579,2645,8,57,1.0
,PDT000578346_2_prokka.csv,3087,3150,3,59,1.0
,PDT000907233_1_prokka.csv,2806,2878,7,64,1.0
,PDT000354443_1_prokka.csv,4016,4091,10,64,1.0
,PDT002164988_1_prokka.csv,5221,5307,4,81,1.0
,PDT000701121_1_prokka.csv,2898,2959,4,56,1.0
,PDT001578688_1_prokka.csv,2525,2590,6,58,1.0
,PDT002123015_1_prokka.csv,3460,3529,5,63,1.0
,PDT000701817_1_prokka.csv,2913,2975,5,56,1.0
,PDT001957303_1_prokka.csv,3592,3658,3,62,1.0
,PDT001898864_1_prokka.csv,3841,3908,3,63,1.0
,PDT001949529_1_prokka.csv,2514,2578,4,59,1.0
,PDT000691180_1_prokka.csv,2952,3043,18,72,1.0
,PDT001577318_1_prokka.csv,5693,5780,12,74,1.0
,PDT000741661_1_prokka.csv,2850,2893,3,39,1.0
,PDT000172850_1_prokka.csv,5986,6052,2,63,1.0
,PDT001858224_1_prokka.csv,5584,5696,25,86,1.0
,PDT001185161_2_prokka.csv,5189,5301,25,86,1.0
,PDT002174465_1_prokka.csv,2574,2606,5,26,1.0
,PDT000621143_1_prokka.csv,4061,4153,18,73,1.0
,PDT002164909_1_prokka.csv,2664,2733,8,60,1.0
,PDT000111421_2_prokka.csv,3647,3714,3,63,1.0
,PDT000208525_2_prokka.csv,3079,3171,20,71,1.0
,PDT001244014_1_prokka.csv,4839,4921,1,80,1.0
,PDT001409749_1_prokka.csv,2606,2669,4,58,1.0
,PDT000045287_1_prokka.csv,5966,6035,3,65,1.0
,PDT001985782_1_prokka.csv,2866,2927,4,56,1.0
,PDT001009347_1_prokka.csv,3052,3141,18,70,1.0
,PDT001505691_1_prokka.csv,3807,3865,2,55,1.0
,PDT001578854_1_prokka.csv,2600,2662,4,57,1.0
,PDT000216869_1_prokka.csv,3803,3858,3,51,1.0
,PDT001772223_1_prokka.csv,2540,2609,7,61,1.0
,PDT000941548_1_prokka.csv,5328,5415,5,81,1.0
,PDT001997351_1_prokka.csv,6373,6447,4,69,1.0
,PDT002250831_1_prokka.csv,3475,3544,5,63,1.0
,PDT002160686_1_prokka.csv,5148,5247,20,78,1.0
,PDT000045372_1_prokka.csv,6244,6315,3,67,1.0
,PDT000534466_1_prokka.csv,3746,3797,3,47,1.0
,PDT001730384_1_prokka.csv,6164,6237,3,69,1.0
,PDT001889340_2_prokka.csv,2548,2612,5,58,1.0
,PDT001086034_1_prokka.csv,6341,6419,7,70,1.0
,PDT000466559_2_prokka.csv,2909,2970,4,56,1.0
,PDT000870477_1_prokka.csv,5105,5172,4,62,1.0
,PDT001645387_1_prokka.csv,2720,2785,5,59,1.0
,PDT000915614_1_prokka.csv,5653,5727,3,70,1.0
,PDT001897902_1_prokka.csv,5892,5960,3,64,1.0
,PDT002016535_1_prokka.csv,5530,5617,8,78,1.0
,PDT000693588_2_prokka.csv,2454,2525,9,61,1.0
,PDT001541391_1_prokka.csv,2572,2635,4,58,1.0
,PDT000914449_1_prokka.csv,5204,5291,8,78,1.0
,PDT000198871_1_prokka.csv,5185,5272,9,77,1.0
,PDT001793262_1_prokka.csv,2614,2673,3,55,1.0
,PDT002059849_1_prokka.csv,3899,3964,3,61,1.0
,PDT001931336_1_prokka.csv,2926,2999,8,64,1.0
,PDT001481585_1_prokka.csv,5248,5343,11,83,1.0
,PDT001974644_1_prokka.csv,3778,3849,4,66,1.0
,PDT000740821_1_prokka.csv,2752,2786,5,28,1.0
,PDT002028930_1_prokka.csv,5813,5881,3,64,1.0
,PDT001505925_1_prokka.csv,3793,3852,3,55,1.0
,PDT001602992_1_prokka.csv,3824,3890,3,62,1.0
,PDT001184973_2_prokka.csv,5555,5666,24,86,1.0
,PDT001450816_3_prokka.csv,3689,3757,3,64,1.0
,PDT001566476_1_prokka.csv,2583,2644,3,57,1.0
,PDT000410168_1_prokka.csv,6531,6619,12,75,1.0
,PDT000636054_1_prokka.csv,5153,5229,7,68,1.0
,PDT001704849_1_prokka.csv,4702,4782,4,75,1.0
,PDT001176205_1_prokka.csv,2862,2912,5,44,1.0
,PDT001556382_1_prokka.csv,2648,2706,3,54,1.0
,PDT001967602_1_prokka.csv,2935,3010,8,66,1.0
,PDT002178394_1_prokka.csv,5066,5157,12,78,1.0
,PDT000902279_1_prokka.csv,2827,2871,3,40,1.0
,PDT000691177_1_prokka.csv,3095,3184,18,70,1.0
,PDT001413385_1_prokka.csv,2706,2756,4,45,1.0
,PDT001344021_1_prokka.csv,6275,6345,3,66,1.0
,PDT001820178_1_prokka.csv,5459,5541,4,77,1.0
,PDT002121100_1_prokka.csv,2820,2884,6,57,1.0
,PDT002032680_1_prokka.csv,4830,4910,4,75,1.0
,PDT001556790_1_prokka.csv,2572,2635,3,59,1.0
,PDT000805700_1_prokka.csv,5128,5241,25,87,1.0
,PDT002022972_1_prokka.csv,6290,6360,3,66,1.0
,PDT000976605_1_prokka.csv,2744,2806,4,57,1.0
,PDT002145739_1_prokka.csv,5919,5985,3,62,1.0
,PDT001495337_1_prokka.csv,5112,5192,8,71,1.0
,PDT001579278_1_prokka.csv,2522,2584,3,58,1.0
,PDT001994009_1_prokka.csv,5480,5550,4,65,1.0
,PDT001147054_1_prokka.csv,3845,3911,3,62,1.0
,PDT000693359_2_prokka.csv,2537,2599,6,55,1.0
,PDT001636411_1_prokka.csv,2951,3022,8,62,1.0
,PDT001599593_1_prokka.csv,2632,2684,6,45,1.0
,PDT001014140_1_prokka.csv,2504,2568,5,58,1.0
,PDT000045230_1_prokka.csv,5759,5830,3,67,1.0
,PDT001326146_3_prokka.csv,3601,3668,2,64,1.0
,PDT000705317_1_prokka.csv,2794,2854,5,55,
,PDT002139177_1_prokka.csv,2787,2851,5,58,1.0
,PDT000876319_1_prokka.csv,4943,4978,4,30,1.0
,PDT001278588_1_prokka.csv,3055,3142,18,68,1.0
,PDT001371373_1_prokka.csv,6198,6269,3,67,1.0
,PDT000852642_1_prokka.csv,5115,5187,5,66,1.0
,PDT001473985_1_prokka.csv,2716,2768,3,48,1.0
,PDT001507662_1_prokka.csv,2593,2654,3,57,1.0
,PDT001165307_1_prokka.csv,2736,2800,4,59,1.0
,PDT002068663_1_prokka.csv,3004,3073,6,62,1.0
,PDT002027067_1_prokka.csv,5804,5872,3,64,1.0
,PDT001672784_1_prokka.csv,5521,5599,4,73,1.0
,PDT001692873_1_prokka.csv,2541,2605,5,58,1.0
,PDT001532093_1_prokka.csv,2652,2675,3,19,1.0
,PDT000923984_1_prokka.csv,2779,2807,3,24,1.0
,PDT002341324_1_prokka.csv,5221,5304,6,76,1.0
,PDT000135527_1_prokka.csv,3932,3993,4,56,1.0
,PDT000686150_1_prokka.csv,5830,5894,3,60,1.0
,PDT001715671_1_prokka.csv,2647,2712,7,57,1.0
,PDT001065568_1_prokka.csv,3569,3635,3,62,1.0
,PDT000723884_1_prokka.csv,5481,5566,3,81,1.0
,PDT001257292_3_prokka.csv,3806,3873,4,62,1.0
,PDT001244199_1_prokka.csv,5236,5300,7,56,1.0
,PDT001344263_1_prokka.csv,5933,6005,4,67,1.0
,PDT000703876_1_prokka.csv,2710,2775,3,61,1.0
,PDT001638338_1_prokka.csv,3772,3804,2,29,1.0
,PDT001547480_1_prokka.csv,2509,2573,4,59,1.0
,PDT002386150_1_prokka.csv,3624,3717,18,74,1.0
,PDT001701081_1_prokka.csv,2599,2664,5,59,1.0
,PDT001557334_1_prokka.csv,2526,2588,4,57,1.0
,PDT001948739_1_prokka.csv,5047,5132,4,80,1.0
,PDT000759603_1_prokka.csv,5983,6069,12,73,1.0
,PDT001346054_1_prokka.csv,6178,6248,5,65,
,PDT001500147_4_prokka.csv,2692,2757,6,58,1.0
,PDT000090569_2_prokka.csv,2740,2781,6,34,1.0
,PDT000084437_1_prokka.csv,5830,5899,2,66,1.0
,PDT001213844_1_prokka.csv,2812,2873,4,56,1.0
,PDT001141310_1_prokka.csv,5272,5353,3,77,1.0
,PDT002065552_1_prokka.csv,6217,6302,12,72,1.0
,PDT000771173_1_prokka.csv,6388,6458,3,66,1.0
,PDT001493710_1_prokka.csv,5073,5145,4,67,1.0
,PDT000045186_1_prokka.csv,5911,5979,3,64,1.0
,PDT001256506_1_prokka.csv,2596,2659,4,58,1.0
,PDT001349605_1_prokka.csv,5437,5549,25,86,1.0
,PDT001046619_2_prokka.csv,5552,5638,7,78,1.0
,PDT000589517_1_prokka.csv,2717,2782,5,59,1.0
,PDT001516309_1_prokka.csv,2467,2526,1,57,1.0
,PDT001208180_1_prokka.csv,4935,5017,5,76,1.0
,PDT000371325_2_prokka.csv,2562,2634,11,60,1.0
,PDT001532661_1_prokka.csv,2719,2783,5,58,1.0
,PDT001688779_1_prokka.csv,2521,2583,3,58,1.0
,PDT002028866_1_prokka.csv,5754,5825,3,67,1.0
,PDT000924127_1_prokka.csv,2672,2723,3,47,1.0
,PDT000711593_2_prokka.csv,2513,2575,4,57,1.0
,PDT000902296_1_prokka.csv,2802,2842,3,36,1.0
,PDT000686208_1_prokka.csv,6410,6478,3,64,1.0
,PDT000701015_1_prokka.csv,2695,2756,3,57,1.0
,PDT000534392_1_prokka.csv,3718,3770,3,48,1.0
,PDT000411627_1_prokka.csv,5720,5795,7,67,1.0
,PDT002044320_1_prokka.csv,5088,5163,4,70,1.0
,PDT000209499_1_prokka.csv,3876,3931,3,51,1.0
,PDT001898109_1_prokka.csv,2747,2804,3,53,1.0
,PDT002075032_1_prokka.csv,3648,3715,3,63,1.0
,PDT001020273_1_prokka.csv,5406,5490,9,74,1.0
,PDT000371278_2_prokka.csv,2488,2559,9,61,1.0
,PDT000769091_1_prokka.csv,5836,5903,3,63,1.0
,PDT000904691_1_prokka.csv,2675,2737,4,57,1.0
,PDT001349657_1_prokka.csv,6059,6129,3,66,1.0
,PDT002045040_1_prokka.csv,3652,3721,6,62,1.0
,PDT001213597_1_prokka.csv,2877,2933,3,52,1.0
,PDT000659823_1_prokka.csv,3773,3840,6,60,1.0
,PDT000662276_1_prokka.csv,3700,3767,2,64,1.0
,PDT001913162_1_prokka.csv,2872,2928,3,52,1.0
,PDT001525458_1_prokka.csv,2601,2617,2,13,1.0
,PDT000754220_1_prokka.csv,6171,6234,2,60,1.0
,PDT001840150_1_prokka.csv,2507,2571,5,58,1.0
,PDT002178600_1_prokka.csv,2665,2729,5,58,1.0
,PDT001994137_1_prokka.csv,6201,6275,3,70,1.0
,PDT001659623_1_prokka.csv,2577,2639,5,56,1.0
,PDT001016867_1_prokka.csv,3790,3856,3,62,1.0
,PDT000875327_1_prokka.csv,5153,5211,5,52,1.0
,PDT001325757_1_prokka.csv,3699,3745,2,43,1.0
,PDT001725747_3_prokka.csv,3679,3745,2,63,1.0
,PDT001176211_1_prokka.csv,2672,2721,4,44,1.0
,PDT001506274_1_prokka.csv,3852,3912,2,57,1.0
,PDT001337716_1_prokka.csv,2500,2564,4,59,1.0
,PDT001243212_1_prokka.csv,5501,5564,5,57,1.0
,PDT002129611_1_prokka.csv,3581,3650,4,64,1.0
,PDT001766215_1_prokka.csv,5214,5301,8,78,1.0
,PDT001286260_1_prokka.csv,6304,6376,3,68,1.0
,PDT001994115_1_prokka.csv,5838,5910,3,68,1.0
,PDT000174718_1_prokka.csv,5845,5916,3,67,1.0
,PDT002215857_1_prokka.csv,3893,3956,3,59,1.0
,PDT002244868_1_prokka.csv,5062,5155,11,81,1.0
,PDT001210142_1_prokka.csv,6094,6165,3,67,1.0
,PDT001481629_1_prokka.csv,5172,5265,11,81,1.0
,PDT001994335_1_prokka.csv,6300,6367,2,64,1.0
,PDT001741462_1_prokka.csv,3813,3905,18,73,1.0
,PDT001562638_1_prokka.csv,2665,2730,5,59,1.0
,PDT001138825_1_prokka.csv,2610,2650,3,36,1.0
,PDT001514426_1_prokka.csv,2895,2960,6,58,1.0
,PDT002022473_1_prokka.csv,5834,5901,3,63,1.0
,PDT001049405_1_prokka.csv,2594,2655,3,57,1.0
,PDT001451141_1_prokka.csv,6320,6389,2,66,1.0
,PDT001289386_1_prokka.csv,4812,4893,6,74,1.0
,PDT000466526_2_prokka.csv,2745,2809,6,57,1.0
,PDT001874293_1_prokka.csv,3752,3820,3,64,1.0
,PDT001558190_1_prokka.csv,5174,5252,4,73,1.0
,PDT001222117_1_prokka.csv,6264,6333,3,65,1.0
,PDT001994090_1_prokka.csv,6139,6207,3,64,1.0
,PDT001532374_1_prokka.csv,2663,2728,5,59,1.0
,PDT001092348_1_prokka.csv,4994,5074,2,77,1.0
,PDT000852736_1_prokka.csv,2687,2763,13,62,1.0
,PDT002023200_1_prokka.csv,6250,6319,2,66,1.0
,PDT000742995_1_prokka.csv,2631,2689,4,53,1.0
,PDT002042689_1_prokka.csv,6081,6148,3,63,1.0
,PDT002345636_1_prokka.csv,5066,5151,11,73,1.0
,PDT001094906_1_prokka.csv,5011,5092,6,74,1.0
,PDT002068657_1_prokka.csv,2805,2874,7,61,1.0
,PDT001158055_5_prokka.csv,3780,3847,2,64,1.0
,PDT001860336_1_prokka.csv,3808,3872,3,60,1.0
,PDT000094993_1_prokka.csv,6136,6206,3,66,1.0
,PDT001288634_1_prokka.csv,5418,5508,12,77,1.0
,PDT000428036_2_prokka.csv,2531,2618,18,68,1.0
,PDT001003275_1_prokka.csv,5383,5466,6,76,1.0
,PDT001265083_1_prokka.csv,6171,6261,12,77,1.0
,PDT001991811_1_prokka.csv,5932,6006,5,68,1.0
,PDT001233319_3_prokka.csv,3680,3747,4,62,1.0
,PDT002029810_1_prokka.csv,3941,4008,3,63,1.0
,PDT001813818_2_prokka.csv,6043,6113,5,64,1.0
,PDT000863704_1_prokka.csv,3530,3597,3,63,1.0
,PDT001176707_1_prokka.csv,2893,2953,5,54,1.0
,PDT000173766_3_prokka.csv,4022,4090,4,63,1.0
,PDT001343812_1_prokka.csv,6342,6414,4,67,1.0
,PDT000865912_1_prokka.csv,3778,3846,3,64,1.0
,PDT001214417_2_prokka.csv,5711,5792,8,72,1.0
,PDT001012910_1_prokka.csv,6054,6125,5,65,1.0
,PDT001601138_1_prokka.csv,2572,2637,6,58,1.0
,PDT002331261_1_prokka.csv,5689,5761,3,68,1.0
,PDT000188888_2_prokka.csv,2767,2848,16,64,1.0
,PDT000131605_1_prokka.csv,5117,5200,7,75,1.0
,PDT001559565_1_prokka.csv,2637,2702,5,59,1.0
,PDT000913084_1_prokka.csv,2873,2946,8,64,1.0
,PDT002129568_1_prokka.csv,3570,3638,3,64,1.0
,PDT001595861_1_prokka.csv,2543,2605,4,57,1.0
,PDT001530862_1_prokka.csv,2683,2709,3,22,1.0
,PDT001147224_1_prokka.csv,5308,5399,9,81,1.0
,PDT000067974_1_prokka.csv,5128,5224,22,73,1.0
,PDT001289416_1_prokka.csv,5088,5165,5,71,1.0
,PDT002121113_1_prokka.csv,2994,3057,5,57,1.0
,PDT001501497_1_prokka.csv,2694,2756,4,57,1.0
,PDT000774849_1_prokka.csv,6121,6191,3,67,
,PDT000431514_1_prokka.csv,3574,3617,2,40,1.0
,PDT000209997_2_prokka.csv,2703,2770,4,62,1.0
,PDT001706442_3_prokka.csv,3532,3597,3,61,1.0
,PDT001488431_1_prokka.csv,5122,5196,5,68,1.0
,PDT001344492_1_prokka.csv,5852,5924,3,68,1.0
,PDT001259126_1_prokka.csv,2952,3014,5,56,1.0
,PDT001696617_1_prokka.csv,2635,2700,5,59,1.0
,PDT000045124_1_prokka.csv,6162,6235,6,66,1.0
,PDT000441056_1_prokka.csv,5091,5173,7,74,1.0
,PDT001565409_1_prokka.csv,2632,2695,6,56,1.0
,PDT002022463_1_prokka.csv,5663,5729,2,63,1.0
,PDT000923980_1_prokka.csv,2673,2720,3,43,1.0
,PDT001231507_3_prokka.csv,6287,6357,3,66,1.0
,PDT000424989_1_prokka.csv,6045,6114,3,65,1.0
,PDT002369860_2_prokka.csv,4916,5028,25,86,1.0
,PDT000688418_2_prokka.csv,3008,3078,7,62,1.0
,PDT001210160_1_prokka.csv,5956,6029,3,69,1.0
,PDT000392101_1_prokka.csv,6134,6209,2,72,1.0
,PDT000876185_1_prokka.csv,5065,5140,7,67,1.0
,PDT000848139_2_prokka.csv,2712,2792,19,60,1.0
,PDT000860389_1_prokka.csv,2643,2705,4,57,1.0
,PDT000472012_2_prokka.csv,2727,2792,6,58,1.0
,PDT001312767_1_prokka.csv,3592,3664,7,64,1.0
,PDT001388442_1_prokka.csv,3557,3621,4,59,1.0
,PDT001720215_1_prokka.csv,2620,2683,6,56,1.0
,PDT000172123_4_prokka.csv,5068,5140,6,65,1.0
,PDT001256173_1_prokka.csv,5141,5229,13,74,1.0
,PDT001388445_1_prokka.csv,4876,4989,25,87,1.0
,PDT001531787_1_prokka.csv,3050,3140,18,71,1.0
,PDT001343611_1_prokka.csv,6109,6180,4,66,1.0
,PDT002340881_1_prokka.csv,2652,2717,6,58,1.0
,PDT002240099_1_prokka.csv,2493,2523,3,26,1.0
,PDT001917991_1_prokka.csv,2730,2794,4,59,1.0
,PDT001638256_1_prokka.csv,2689,2745,4,51,1.0
,PDT001994033_1_prokka.csv,5671,5742,3,67,1.0
,PDT000045181_1_prokka.csv,6465,6538,3,69,1.0
,PDT000701585_1_prokka.csv,2857,2917,4,55,1.0
,PDT000291821_2_prokka.csv,2458,2519,5,55,1.0
,PDT001566359_1_prokka.csv,2536,2602,5,60,1.0
,PDT001006868_1_prokka.csv,3837,3908,5,65,1.0
,PDT001227362_1_prokka.csv,5019,5081,2,59,1.0
,PDT001462732_3_prokka.csv,3821,3890,3,65,1.0
,PDT000820141_1_prokka.csv,2853,2918,6,58,1.0
,PDT001078484_1_prokka.csv,4934,5018,5,78,1.0
,PDT000701582_1_prokka.csv,2873,2932,4,54,1.0
,PDT002081896_2_prokka.csv,6049,6119,7,62,1.0
,PDT000711605_2_prokka.csv,2529,2591,4,57,1.0
,PDT000923893_1_prokka.csv,2873,2924,3,47,1.0
,PDT000466826_2_prokka.csv,2958,3046,18,69,1.0
,PDT001898745_1_prokka.csv,3841,3908,3,63,1.0
,PDT000923309_1_prokka.csv,6017,6087,3,66,1.0
,PDT001531899_1_prokka.csv,2642,2706,7,56,1.0
,PDT000871268_1_prokka.csv,5186,5228,5,36,1.0
,PDT000369257_1_prokka.csv,5255,5348,10,82,1.0
,PDT001373267_1_prokka.csv,5434,5511,7,69,1.0
,PDT001231236_1_prokka.csv,3597,3667,3,66,1.0
,PDT001835587_2_prokka.csv,2458,2518,7,52,1.0
,PDT001976823_1_prokka.csv,2627,2690,4,58,1.0
,PDT001773460_1_prokka.csv,2575,2644,8,60,1.0
,PDT001599582_1_prokka.csv,2734,2804,8,61,1.0
,PDT002139026_1_prokka.csv,2840,2903,5,57,1.0
,PDT001165241_1_prokka.csv,2470,2529,2,56,1.0
,PDT000868674_3_prokka.csv,6620,6691,3,67,1.0
,PDT001872615_2_prokka.csv,3723,3791,4,63,1.0
,PDT001148319_1_prokka.csv,2549,2630,19,61,1.0
,PDT001506189_1_prokka.csv,3868,3936,3,64,1.0
,PDT000703835_1_prokka.csv,2728,2782,4,49,1.0
,PDT001750399_1_prokka.csv,6519,6587,2,65,1.0
,PDT001091749_1_prokka.csv,5030,5114,6,77,1.0
,PDT001526798_1_prokka.csv,2607,2669,3,58,1.0
,PDT001994518_1_prokka.csv,6387,6460,3,69,1.0
,PDT001646629_1_prokka.csv,2474,2532,4,53,1.0
,PDT001292460_1_prokka.csv,3653,3718,3,61,1.0
,PDT000719974_1_prokka.csv,2664,2725,6,54,1.0
,PDT000694257_1_prokka.csv,2708,2759,5,45,1.0
,PDT001413368_1_prokka.csv,5886,5960,3,70,1.0
,PDT001810107_2_prokka.csv,3573,3642,5,63,1.0
,PDT002021237_1_prokka.csv,5805,5872,3,63,1.0
,PDT001317809_1_prokka.csv,4954,5029,4,70,1.0
,PDT000725209_3_prokka.csv,3966,4032,2,63,1.0
,PDT001366630_3_prokka.csv,5287,5362,7,67,1.0
,PDT001282430_2_prokka.csv,5260,5340,6,73,1.0
,PDT001993795_1_prokka.csv,5933,6004,2,68,1.0
,PDT001456852_3_prokka.csv,3763,3831,4,63,1.0
,PDT001967607_1_prokka.csv,2736,2806,8,61,1.0
,PDT001454651_1_prokka.csv,2528,2588,3,56,1.0
,PDT001370543_1_prokka.csv,5175,5254,5,73,1.0
,PDT001532599_1_prokka.csv,2670,2735,5,59,1.0
,PDT000701477_1_prokka.csv,2723,2785,4,57,1.0
,PDT001283387_1_prokka.csv,2971,3026,5,49,1.0
,PDT001505955_1_prokka.csv,3920,3988,3,64,1.0
,PDT000083923_1_prokka.csv,5943,6031,12,75,1.0
,PDT001611705_1_prokka.csv,6142,6217,6,68,1.0
,PDT001957266_1_prokka.csv,3592,3661,5,63,1.0
,PDT001201757_1_prokka.csv,5303,5418,25,89,1.0
,PDT002277466_1_prokka.csv,3857,3919,3,58,1.0
,PDT001769429_1_prokka.csv,5422,5504,5,76,1.0
,PDT001595927_1_prokka.csv,2458,2519,3,57,1.0
,PDT001511019_1_prokka.csv,2748,2805,5,51,1.0
,PDT000069027_2_prokka.csv,2570,2639,5,63,1.0
,PDT001578329_1_prokka.csv,2617,2681,4,59,1.0
,PDT001500796_1_prokka.csv,2768,2836,6,61,1.0
,PDT000370687_1_prokka.csv,5343,5435,11,80,1.0
,PDT000119269_2_prokka.csv,2594,2661,6,60,1.0
,PDT000171846_1_prokka.csv,5257,5369,25,86,1.0
,PDT000790667_2_prokka.csv,2639,2710,10,60,1.0
,PDT001200122_1_prokka.csv,2664,2732,8,59,1.0
,PDT001416161_1_prokka.csv,3826,3899,10,62,1.0
,PDT002052431_1_prokka.csv,6074,6151,7,69,1.0
,PDT002274166_1_prokka.csv,2793,2855,5,56,1.0
,PDT001345950_1_prokka.csv,6222,6286,3,60,1.0
,PDT001229780_3_prokka.csv,5489,5580,9,81,1.0
,PDT001898863_1_prokka.csv,3664,3733,7,61,1.0
,PDT001923897_2_prokka.csv,3583,3650,3,63,1.0
,PDT001931345_1_prokka.csv,2945,3017,9,62,1.0
,PDT002208217_1_prokka.csv,5273,5367,11,82,1.0
,PDT000753644_1_prokka.csv,6432,6499,5,61,1.0
,PDT001258883_2_prokka.csv,3522,3613,18,72,1.0
,PDT000920748_1_prokka.csv,5127,5188,4,56,1.0
,PDT001231296_1_prokka.csv,4087,4165,3,74,1.0
,PDT000113222_2_prokka.csv,3550,3607,3,53,1.0
,PDT000701055_1_prokka.csv,2645,2708,3,59,1.0
,PDT002108079_1_prokka.csv,5272,5348,2,73,1.0
,PDT000700799_1_prokka.csv,2774,2833,3,55,1.0
,PDT001532257_1_prokka.csv,2655,2718,5,57,1.0
,PDT001966777_1_prokka.csv,6444,6526,12,69,1.0
,PDT000693506_2_prokka.csv,2655,2708,4,48,1.0
,PDT001682421_1_prokka.csv,5900,5968,3,64,1.0
,PDT000701587_1_prokka.csv,2820,2882,5,56,1.0
,PDT000795050_1_prokka.csv,6123,6196,3,69,1.0
,PDT000070145_2_prokka.csv,2856,2878,3,18,1.0
,PDT000923928_1_prokka.csv,2710,2753,3,39,1.0
,PDT002098011_1_prokka.csv,3901,3968,3,63,1.0
,PDT002208519_1_prokka.csv,6002,6075,5,67,1.0
,PDT001603004_1_prokka.csv,3832,3899,3,63,1.0
,PDT001346045_1_prokka.csv,6475,6544,2,66,1.0
,PDT001646631_1_prokka.csv,2596,2661,7,57,1.0
,PDT001556158_1_prokka.csv,2590,2654,5,58,1.0
,PDT001590477_1_prokka.csv,2682,2747,5,59,1.0
,PDT001473984_1_prokka.csv,2965,3025,4,55,1.0
,PDT001715826_1_prokka.csv,2543,2605,7,54,1.0
,PDT001565707_1_prokka.csv,2593,2649,4,51,1.0
,PDT000115494_2_prokka.csv,2520,2572,1,50,1.0
,PDT001499809_3_prokka.csv,2422,2486,4,59,1.0
,PDT001256047_1_prokka.csv,4970,5059,10,78,1.0
,PDT002085591_1_prokka.csv,2762,2829,7,59,1.0
,PDT001977251_1_prokka.csv,2790,2856,6,59,1.0
,PDT000284362_2_prokka.csv,2540,2609,7,61,1.0
,PDT001535849_1_prokka.csv,2529,2593,5,58,1.0
,PDT001087967_1_prokka.csv,2764,2852,18,69,1.0
,PDT002247280_1_prokka.csv,3776,3845,5,63,1.0
,PDT000925868_1_prokka.csv,3142,3232,18,71,1.0
,PDT000642558_1_prokka.csv,3949,4016,3,63,1.0
,PDT000636058_1_prokka.csv,5541,5623,9,72,1.0
,PDT001702383_1_prokka.csv,5539,5617,2,75,1.0
,PDT000115284_2_prokka.csv,3668,3724,3,52,1.0
,PDT000423719_1_prokka.csv,5214,5290,5,70,1.0
,PDT001177190_1_prokka.csv,2783,2835,5,46,1.0
,PDT001530228_1_prokka.csv,2472,2484,4,7,1.0
,PDT001636402_1_prokka.csv,2892,2962,8,61,1.0
,PDT001562478_1_prokka.csv,2523,2586,4,58,1.0
,PDT001744307_2_prokka.csv,5173,5255,8,73,1.0
,PDT001164030_3_prokka.csv,3542,3606,5,58,1.0
,PDT000701704_1_prokka.csv,2997,3058,3,57,1.0
,PDT001720756_1_prokka.csv,2490,2554,4,59,1.0
,PDT000771138_1_prokka.csv,6397,6470,3,69,1.0
,PDT002239563_1_prokka.csv,3439,3506,3,63,1.0
,PDT001877490_1_prokka.csv,5975,6044,3,65,1.0
,PDT000353000_2_prokka.csv,2607,2671,16,47,1.0
,PDT001902931_1_prokka.csv,5132,5212,4,75,1.0
,PDT000785641_1_prokka.csv,5255,5334,8,70,1.0
,PDT000907119_1_prokka.csv,2798,2871,8,64,1.0
,PDT001903072_1_prokka.csv,5539,5625,6,79,1.0
,PDT001715646_1_prokka.csv,2405,2465,2,57,1.0
,PDT001993834_1_prokka.csv,6437,6510,3,69,1.0
,PDT000912416_1_prokka.csv,3783,3875,18,73,1.0
,PDT001997840_1_prokka.csv,6199,6272,4,68,1.0
,PDT001531240_1_prokka.csv,2624,2682,4,53,1.0
,PDT000387369_1_prokka.csv,3544,3605,3,57,1.0
,PDT001378497_1_prokka.csv,5242,5333,11,79,1.0
,PDT002026700_1_prokka.csv,3662,3735,5,67,1.0
,PDT001222518_1_prokka.csv,2662,2723,4,56,1.0
,PDT000117266_2_prokka.csv,2571,2639,7,60,1.0
,PDT001873517_1_prokka.csv,5362,5400,4,33,1.0
,PDT001226518_3_prokka.csv,3780,3848,2,65,1.0
,PDT000875446_1_prokka.csv,4943,5013,5,64,1.0
,PDT000642498_1_prokka.csv,3820,3888,4,63,1.0
,PDT001550205_1_prokka.csv,2612,2676,5,58,1.0
,PDT002225243_1_prokka.csv,2686,2768,19,62,1.0
,PDT001428174_1_prokka.csv,7282,7370,12,75,1.0
,PDT000785275_1_prokka.csv,2913,2960,3,43,1.0
,PDT000907255_1_prokka.csv,2925,2969,3,40,1.0
,PDT001975966_1_prokka.csv,2666,2730,4,59,1.0
,PDT001289628_1_prokka.csv,5123,5202,7,71,1.0
,PDT001794872_2_prokka.csv,3724,3790,2,63,1.0
,PDT001259083_1_prokka.csv,2727,2787,7,52,1.0
,PDT001991765_1_prokka.csv,5749,5824,7,67,1.0
,PDT001500472_1_prokka.csv,2578,2643,5,59,1.0
,PDT001931544_1_prokka.csv,2557,2588,4,26,1.0
,PDT002024692_1_prokka.csv,3478,3546,4,63,1.0
,PDT000108861_2_prokka.csv,2575,2638,4,58,1.0
,PDT001975821_1_prokka.csv,2601,2663,4,57,1.0
,PDT001715583_1_prokka.csv,2481,2540,3,55,1.0
,PDT001529434_1_prokka.csv,2557,2614,2,54,1.0
,PDT001577327_1_prokka.csv,6469,6558,12,76,1.0
,PDT000916477_1_prokka.csv,2532,2596,6,57,1.0
,PDT001655918_1_prokka.csv,5031,5109,4,73,1.0
,PDT000864945_1_prokka.csv,3575,3647,9,62,1.0
,PDT002098920_1_prokka.csv,5840,5901,3,57,1.0
,PDT000080213_2_prokka.csv,2601,2646,4,40,1.0
,PDT001861453_1_prokka.csv,5117,5208,13,77,1.0
,PDT002239515_1_prokka.csv,3457,3524,3,63,1.0
,PDT001997830_1_prokka.csv,5727,5800,5,67,1.0
,PDT000155097_1_prokka.csv,5115,5199,7,76,1.0
,PDT000875807_1_prokka.csv,5115,5192,6,70,1.0
,PDT001967577_1_prokka.csv,2859,2932,8,64,1.0
,PDT000715303_1_prokka.csv,5069,5152,7,75,1.0
,PDT000418358_2_prokka.csv,2902,2968,6,59,1.0
,PDT001416343_1_prokka.csv,3693,3759,3,62,1.0
,PDT000774847_1_prokka.csv,6191,6261,3,66,1.0
,PDT001562134_1_prokka.csv,2566,2630,6,57,1.0
,PDT001438072_1_prokka.csv,2678,2730,3,48,1.0
,PDT000700991_1_prokka.csv,2954,3018,4,59,1.0
,PDT001213657_1_prokka.csv,2913,2971,4,53,1.0
,PDT000923486_1_prokka.csv,6352,6429,3,73,1.0
,PDT002172138_1_prokka.csv,5261,5376,25,89,1.0
,PDT000132791_2_prokka.csv,2491,2558,5,61,1.0
,PDT002346847_1_prokka.csv,5592,5646,5,48,1.0
,PDT000156216_1_prokka.csv,3720,3785,3,61,1.0
,PDT000198701_1_prokka.csv,5243,5326,10,72,1.0
,PDT001176673_1_prokka.csv,2495,2555,3,56,1.0
,PDT001845603_2_prokka.csv,2819,2883,5,58,1.0
,PDT000700746_1_prokka.csv,2630,2691,3,57,1.0
,PDT001176492_1_prokka.csv,2888,2940,6,45,1.0
,PDT001602914_1_prokka.csv,3448,3518,6,63,1.0
,PDT001592339_1_prokka.csv,2646,2704,5,52,1.0
,PDT001845609_2_prokka.csv,2943,3008,3,61,1.0
,PDT000417643_1_prokka.csv,3662,3729,3,63,1.0
,PDT001198273_1_prokka.csv,5172,5239,1,65,1.0
,PDT000424955_1_prokka.csv,6206,6279,3,69,1.0
,PDT001585618_1_prokka.csv,5539,5626,6,80,1.0
,PDT000543901_2_prokka.csv,2763,2835,8,63,1.0
,PDT000648578_2_prokka.csv,2641,2697,4,51,1.0
,PDT002011218_1_prokka.csv,2604,2668,4,59,1.0
,PDT001931330_1_prokka.csv,2787,2859,8,63,1.0
,PDT001607771_1_prokka.csv,2547,2611,4,59,1.0
,PDT001579362_1_prokka.csv,2558,2620,3,58,1.0
,PDT000816070_1_prokka.csv,5135,5206,5,65,1.0
,PDT002045094_1_prokka.csv,5409,5504,12,82,1.0
,PDT000976446_1_prokka.csv,2797,2861,4,59,1.0
,PDT001363351_1_prokka.csv,5765,5834,2,66,1.0
,PDT000107114_2_prokka.csv,3987,4051,2,61,1.0
,PDT002007946_1_prokka.csv,3733,3797,2,61,1.0
,PDT000822690_1_prokka.csv,4929,5007,3,74,1.0
,PDT001382798_1_prokka.csv,3761,3825,5,58,1.0
,PDT002026828_1_prokka.csv,5922,5992,3,66,1.0
,PDT000355801_1_prokka.csv,3832,3900,3,64,1.0
,PDT000704401_1_prokka.csv,2799,2859,4,55,1.0
,PDT001506045_1_prokka.csv,3771,3836,5,59,1.0
,PDT001118335_1_prokka.csv,2909,2980,7,63,1.0
,PDT002147221_1_prokka.csv,5180,5263,7,75,1.0
,PDT001261220_1_prokka.csv,4810,4891,5,75,1.0
,PDT000902287_1_prokka.csv,2914,2963,3,45,1.0
,PDT000483003_1_prokka.csv,6446,6522,6,69,1.0
,PDT002257247_1_prokka.csv,6542,6617,4,70,1.0
,PDT001561135_1_prokka.csv,2593,2658,4,60,1.0
,PDT001200095_1_prokka.csv,2666,2734,7,60,1.0
,PDT001682451_1_prokka.csv,5812,5883,3,67,1.0
,PDT001610717_1_prokka.csv,5635,5708,6,66,1.0
,PDT001538636_1_prokka.csv,5085,5181,9,86,1.0
,PDT001688744_1_prokka.csv,2489,2550,2,58,1.0
,PDT001992362_1_prokka.csv,2751,2815,5,58,1.0
,PDT001012051_1_prokka.csv,4759,4843,5,78,1.0
,PDT001355193_1_prokka.csv,3724,3793,5,63,1.0
,PDT000370243_1_prokka.csv,5385,5479,12,81,1.0
,PDT000287629_1_prokka.csv,3526,3622,21,74,1.0
,PDT002024284_1_prokka.csv,2796,2849,3,49,1.0
,PDT002247308_1_prokka.csv,3708,3778,4,65,1.0
,PDT001981624_1_prokka.csv,5016,5107,6,84,1.0
,PDT000370108_1_prokka.csv,5209,5296,7,79,1.0
,PDT000115280_2_prokka.csv,3580,3634,2,51,1.0
,PDT000605675_1_prokka.csv,3642,3712,6,63,1.0
,PDT000866609_1_prokka.csv,3714,3783,5,63,1.0
,PDT002313712_1_prokka.csv,3078,3148,7,62,1.0
,PDT002117592_1_prokka.csv,5882,5969,12,74,1.0
,PDT001373215_1_prokka.csv,5164,5241,6,70,1.0
,PDT001534959_1_prokka.csv,2646,2713,8,58,1.0
,PDT001505129_1_prokka.csv,5777,5850,4,68,1.0
,PDT001243340_1_prokka.csv,5709,5781,4,67,1.0
,PDT002098557_1_prokka.csv,3521,3587,2,63,1.0
,PDT000531975_2_prokka.csv,2844,2915,7,63,1.0
,PDT001517307_1_prokka.csv,2630,2688,4,53,1.0
,PDT001076868_1_prokka.csv,2793,2841,3,44,1.0
,PDT002345021_1_prokka.csv,6516,6588,2,69,1.0
,PDT001580427_1_prokka.csv,4963,5049,4,81,1.0
,PDT001671874_1_prokka.csv,3744,3811,3,63,1.0
,PDT000701011_1_prokka.csv,2631,2692,3,57,1.0
,PDT001507811_1_prokka.csv,2475,2538,4,58,1.0
,PDT001908362_2_prokka.csv,3494,3562,3,64,1.0
,PDT002189247_1_prokka.csv,5893,5963,3,66,1.0
,PDT001011620_1_prokka.csv,5106,5193,10,76,1.0
,PDT001984100_1_prokka.csv,5856,5925,3,65,1.0
,PDT000701596_1_prokka.csv,2713,2778,5,59,1.0
,PDT000976431_1_prokka.csv,2816,2878,3,58,1.0
,PDT001540389_1_prokka.csv,2578,2640,4,57,1.0
,PDT002023431_1_prokka.csv,5827,5893,2,63,1.0
,PDT000976568_1_prokka.csv,2994,3056,5,56,1.0
,PDT000134721_1_prokka.csv,3751,3814,3,59,1.0
,PDT000906509_1_prokka.csv,5038,5119,8,72,1.0
,PDT000371250_2_prokka.csv,2687,2760,10,62,1.0
,PDT001162998_1_prokka.csv,2812,2874,3,58,1.0
,PDT001371398_1_prokka.csv,5937,6005,4,63,1.0
,PDT000385004_1_prokka.csv,5461,5540,5,73,1.0
,PDT001894049_1_prokka.csv,5690,5764,5,68,1.0
,PDT001905338_1_prokka.csv,5393,5477,6,77,1.0
,PDT001336381_1_prokka.csv,3700,3770,5,64,1.0
,PDT001671869_1_prokka.csv,3751,3818,3,63,1.0
,PDT001481841_1_prokka.csv,3133,3220,18,68,1.0
,PDT002382141_1_prokka.csv,4964,5076,25,86,1.0
,PDT001931371_1_prokka.csv,2882,2955,7,65,1.0
,PDT002266734_1_prokka.csv,2644,2723,18,60,1.0
,PDT001287118_3_prokka.csv,3797,3863,4,61,1.0
,PDT001595898_1_prokka.csv,2483,2546,5,57,1.0
,PDT001337709_1_prokka.csv,2703,2766,5,57,1.0
,PDT000740759_1_prokka.csv,2602,2610,3,5,
,PDT001505084_1_prokka.csv,5782,5850,2,65,1.0
,PDT002250820_1_prokka.csv,3735,3803,3,64,1.0
,PDT001773380_1_prokka.csv,2451,2518,5,61,1.0
,PDT000318203_1_prokka.csv,3877,3946,5,63,1.0
,PDT000704541_1_prokka.csv,2748,2808,5,54,1.0
,PDT001210605_3_prokka.csv,3489,3557,5,62,1.0
,PDT000837097_1_prokka.csv,3616,3683,4,62,1.0
,PDT001346694_1_prokka.csv,6403,6478,6,68,1.0
,PDT002031498_1_prokka.csv,5203,5301,14,83,1.0
,PDT000173856_2_prokka.csv,3889,3960,7,63,1.0
,PDT001250615_1_prokka.csv,5250,5331,9,71,1.0
,PDT001169471_1_prokka.csv,3225,3313,18,69,1.0
,PDT001717653_1_prokka.csv,6941,7026,12,72,1.0
,PDT001555112_1_prokka.csv,2524,2587,4,58,1.0
,PDT002059670_1_prokka.csv,3695,3760,3,61,1.0
,PDT000888325_1_prokka.csv,5489,5569,6,73,1.0
,PDT001346339_1_prokka.csv,5936,6006,3,66,1.0
,PDT002023640_1_prokka.csv,5730,5797,2,64,1.0
,PDT001765644_1_prokka.csv,5251,5321,5,64,1.0
,PDT001214478_1_prokka.csv,5284,5369,7,77,1.0
,PDT001187840_3_prokka.csv,5470,5559,10,78,1.0
,PDT001603047_1_prokka.csv,3512,3582,6,63,1.0
,PDT001505866_1_prokka.csv,3520,3581,3,57,1.0
,PDT000108785_2_prokka.csv,2530,2597,6,60,1.0
,PDT001218136_1_prokka.csv,2707,2765,4,53,1.0
,PDT001615397_1_prokka.csv,5869,5956,12,74,1.0
,PDT001828141_1_prokka.csv,2578,2641,5,57,1.0
,PDT001825004_1_prokka.csv,2642,2703,3,57,1.0
,PDT001531765_1_prokka.csv,3065,3131,8,57,1.0
,PDT000915665_1_prokka.csv,5750,5822,3,68,1.0
,PDT001847670_1_prokka.csv,3790,3859,4,64,1.0
,PDT001087251_1_prokka.csv,5012,5082,8,61,1.0
,PDT001178523_1_prokka.csv,3748,3814,4,61,1.0
,PDT001653541_1_prokka.csv,5386,5470,7,76,1.0
,PDT002123085_1_prokka.csv,3668,3736,4,63,1.0
,PDT001488327_1_prokka.csv,3756,3824,3,64,1.0
,PDT001991648_1_prokka.csv,5009,5071,4,57,1.0
,PDT001177040_1_prokka.csv,2854,2903,3,45,1.0
,PDT000417630_1_prokka.csv,3628,3695,3,63,1.0
,PDT001902678_1_prokka.csv,6462,6536,3,70,1.0
,PDT001535982_1_prokka.csv,2491,2556,6,58,1.0
,PDT001046087_3_prokka.csv,3501,3567,2,63,1.0
,PDT001530125_1_prokka.csv,2629,2678,5,43,1.0
,PDT001546571_1_prokka.csv,2675,2739,5,58,1.0
,PDT000422605_1_prokka.csv,5053,5165,25,86,1.0
,PDT000741897_1_prokka.csv,2717,2778,4,56,1.0
,PDT001578764_1_prokka.csv,2532,2595,5,57,1.0
,PDT001638303_1_prokka.csv,2892,2951,4,54,1.0
,PDT001567816_1_prokka.csv,2700,2757,2,54,1.0
,PDT001213515_1_prokka.csv,2710,2771,4,56,1.0
,PDT001344297_1_prokka.csv,6284,6357,4,68,1.0
,PDT000876296_1_prokka.csv,5225,5297,5,66,1.0
,PDT000444128_1_prokka.csv,3606,3674,4,63,1.0
,PDT001260268_1_prokka.csv,5299,5371,1,70,1.0
,PDT000411596_1_prokka.csv,6656,6730,7,66,1.0
,PDT001558146_1_prokka.csv,5274,5355,6,74,1.0
,PDT001773269_1_prokka.csv,2723,2776,4,48,1.0
,PDT000173810_3_prokka.csv,3665,3734,5,63,1.0
,PDT000080205_2_prokka.csv,2583,2625,5,36,1.0
,PDT000480728_1_prokka.csv,3858,3923,3,61,1.0
,PDT000790599_2_prokka.csv,2679,2749,8,61,1.0
,PDT001673426_1_prokka.csv,3575,3642,3,63,1.0
,PDT000860362_1_prokka.csv,2945,3001,4,51,1.0
,PDT002329078_1_prokka.csv,2838,2918,16,63,1.0
,PDT001210490_3_prokka.csv,3485,3551,2,63,1.0
,PDT000526459_1_prokka.csv,3733,3810,11,65,1.0
,PDT001176818_1_prokka.csv,2966,3019,4,48,1.0
,PDT002383467_1_prokka.csv,5147,5262,25,89,1.0
,PDT001669353_1_prokka.csv,2537,2599,3,58,1.0
,PDT000700790_1_prokka.csv,2807,2866,4,54,1.0
,PDT001520772_1_prokka.csv,2523,2587,5,58,1.0
,PDT001085525_1_prokka.csv,2517,2563,4,41,1.0
,PDT000729694_1_prokka.csv,2698,2755,3,53,1.0
,PDT001371378_1_prokka.csv,5717,5789,3,68,1.0
,PDT001243996_1_prokka.csv,5294,5360,4,61,1.0
,PDT002023487_1_prokka.csv,5507,5575,3,64,1.0
,PDT001211086_1_prokka.csv,5550,5662,25,86,1.0
,PDT001259149_1_prokka.csv,2812,2871,6,52,1.0
,PDT001931393_1_prokka.csv,2826,2897,7,63,1.0
,PDT001164094_3_prokka.csv,3757,3826,4,64,1.0
,PDT001219167_1_prokka.csv,2829,2886,4,52,1.0
,PDT000433095_1_prokka.csv,5307,5380,4,68,1.0
,PDT000976373_1_prokka.csv,2733,2795,5,56,1.0
,PDT000106817_2_prokka.csv,3974,4039,3,61,1.0
,PDT001795781_1_prokka.csv,3853,3920,3,63,1.0
,PDT001324563_3_prokka.csv,3743,3810,3,63,1.0
,PDT001676446_1_prokka.csv,3654,3722,3,64,1.0
,PDT001651987_2_prokka.csv,5062,5147,8,76,1.0
,PDT000740991_1_prokka.csv,6030,6100,3,66,1.0
,PDT001898029_1_prokka.csv,5708,5781,3,69,1.0
,PDT001511644_1_prokka.csv,2558,2620,4,57,1.0
,PDT001590959_1_prokka.csv,2661,2727,4,61,1.0
,PDT000113804_2_prokka.csv,3727,3782,3,51,1.0
,PDT000458534_1_prokka.csv,5520,5605,6,78,1.0
,PDT002332850_1_prokka.csv,3626,3693,3,63,1.0
,PDT001176951_1_prokka.csv,2665,2719,4,49,1.0
,PDT001820116_1_prokka.csv,3462,3527,3,61,1.0
,PDT001227184_1_prokka.csv,3673,3739,2,63,1.0
,PDT001391458_1_prokka.csv,5052,5131,3,75,1.0
,PDT002279463_1_prokka.csv,5071,5151,7,72,1.0
,PDT001927678_1_prokka.csv,5398,5484,4,81,1.0
,PDT001702033_1_prokka.csv,6082,6155,3,69,1.0
,PDT001511334_1_prokka.csv,2564,2624,5,54,1.0
,PDT001531370_1_prokka.csv,2584,2633,4,44,1.0
,PDT001231325_1_prokka.csv,3991,4064,4,68,1.0
,PDT000118924_2_prokka.csv,2621,2685,5,58,1.0
,PDT001738983_2_prokka.csv,3691,3759,4,63,1.0
,PDT001020212_1_prokka.csv,5070,5155,8,76,1.0
,PDT001676443_1_prokka.csv,3782,3853,6,64,1.0
,PDT001838052_1_prokka.csv,2776,2864,18,69,1.0
,PDT000701561_1_prokka.csv,2688,2747,2,56,1.0
,PDT001275414_1_prokka.csv,2485,2520,3,31,1.0
,PDT000730297_1_prokka.csv,5161,5270,24,84,1.0
,PDT000444192_1_prokka.csv,6320,6387,2,64,1.0
,PDT000701390_1_prokka.csv,2676,2739,4,58,1.0
,PDT000037633_1_prokka.csv,5243,5329,6,79,1.0
,PDT000642521_1_prokka.csv,4024,4105,10,70,1.0
,PDT000045320_1_prokka.csv,6434,6511,4,72,1.0
,PDT001204861_3_prokka.csv,3553,3622,5,63,1.0
,PDT000820212_1_prokka.csv,2791,2833,3,38,1.0
,PDT000866092_1_prokka.csv,2904,2959,2,52,1.0
,PDT001501131_1_prokka.csv,2522,2585,4,58,1.0
,PDT001360960_1_prokka.csv,2878,2939,3,57,1.0
,PDT000134699_1_prokka.csv,3725,3788,3,59,1.0
,PDT001231423_1_prokka.csv,3737,3808,3,67,1.0
,PDT000475999_2_prokka.csv,2658,2730,7,64,1.0
,PDT001121709_1_prokka.csv,2826,2895,5,63,1.0
,PDT001501723_1_prokka.csv,2574,2638,5,58,1.0
,PDT001170234_3_prokka.csv,3572,3640,4,63,1.0
,PDT001860335_1_prokka.csv,3549,3612,3,59,1.0
,PDT001371153_1_prokka.csv,3899,3966,3,63,1.0
,PDT001092189_1_prokka.csv,4859,4943,7,76,1.0
,PDT000437100_1_prokka.csv,5020,5061,4,36,1.0
,PDT000976591_2_prokka.csv,2767,2827,2,57,1.0
,PDT000822635_1_prokka.csv,5277,5359,3,78,1.0
,PDT001957253_1_prokka.csv,3639,3705,2,63,1.0
,PDT001961370_1_prokka.csv,3418,3485,3,63,1.0
,PDT000605710_1_prokka.csv,3501,3574,9,63,1.0
,PDT001260764_1_prokka.csv,5108,5194,6,79,1.0
,PDT000534405_1_prokka.csv,3779,3834,3,51,1.0
,PDT001115057_1_prokka.csv,3660,3729,7,61,1.0
,PDT001438011_1_prokka.csv,2803,2854,3,47,1.0
,PDT000702286_1_prokka.csv,2796,2844,2,45,1.0
,PDT002026103_1_prokka.csv,5817,5848,1,29,1.0
,PDT001455022_1_prokka.csv,6236,6308,3,68,1.0
,PDT001602924_1_prokka.csv,3501,3573,8,63,1.0
,PDT001994027_1_prokka.csv,6285,6351,3,62,1.0
,PDT001375197_1_prokka.csv,5664,5743,6,72,1.0
,PDT000866316_1_prokka.csv,2802,2863,4,56,1.0
,PDT001009307_1_prokka.csv,5675,5747,3,68,1.0
,PDT001810483_2_prokka.csv,3688,3757,6,62,1.0
,PDT001532941_1_prokka.csv,2661,2725,5,58,1.0
,PDT001611992_3_prokka.csv,3536,3602,2,63,1.0
,PDT000743203_1_prokka.csv,2904,2966,5,56,1.0
,PDT002115585_1_prokka.csv,5168,5249,4,76,1.0
,PDT000906806_1_prokka.csv,6322,6393,3,67,1.0
,PDT002343509_1_prokka.csv,2633,2671,3,34,1.0
,PDT001901890_1_prokka.csv,2472,2541,10,58,1.0
,PDT001222093_1_prokka.csv,6556,6626,2,67,1.0
,PDT001344364_1_prokka.csv,5662,5735,4,68,1.0
,PDT001006711_1_prokka.csv,3776,3839,3,59,1.0
,PDT002349338_1_prokka.csv,3737,3806,5,63,1.0
,PDT001563127_1_prokka.csv,2492,2556,5,58,1.0
,PDT001264619_3_prokka.csv,3851,3918,4,62,1.0
,PDT001227584_1_prokka.csv,5145,5202,4,52,1.0
,PDT001106419_3_prokka.csv,3603,3671,4,63,1.0
,PDT001715883_1_prokka.csv,2483,2541,2,55,1.0
,PDT001655915_1_prokka.csv,4916,4998,4,77,1.0
,PDT001639825_1_prokka.csv,3850,3944,18,75,1.0
,PDT000715438_1_prokka.csv,5494,5575,6,74,1.0
,PDT001348488_1_prokka.csv,5627,5691,2,61,1.0
,PDT000797566_1_prokka.csv,3983,4049,4,61,1.0
,PDT002239576_1_prokka.csv,3644,3712,3,64,1.0
,PDT001541265_1_prokka.csv,2635,2695,3,56,1.0
,PDT000913141_1_prokka.csv,2727,2797,7,62,1.0
,PDT001396336_1_prokka.csv,5756,5828,3,68,1.0
,PDT001597246_3_prokka.csv,5709,5797,10,77,1.0
,PDT000725039_1_prokka.csv,3755,3822,2,64,1.0
,PDT001520183_1_prokka.csv,2449,2513,5,58,1.0
,PDT001910881_2_prokka.csv,6404,6492,12,75,1.0
,PDT000284325_2_prokka.csv,2606,2675,7,61,1.0
,PDT001967587_1_prokka.csv,2874,2945,8,62,1.0
,PDT001189652_1_prokka.csv,2689,2742,4,48,1.0
,PDT001505118_1_prokka.csv,5713,5786,6,66,1.0
,PDT001531843_1_prokka.csv,2687,2755,7,60,1.0
,PDT001342779_1_prokka.csv,6851,6923,3,68,1.0
,PDT001713023_1_prokka.csv,2600,2665,6,58,1.0
,PDT001307793_1_prokka.csv,5133,5218,7,77,1.0
,PDT001695921_1_prokka.csv,2774,2810,3,32,1.0
,PDT001049423_1_prokka.csv,2538,2601,5,57,1.0
,PDT002181079_1_prokka.csv,2515,2579,4,59,1.0
,PDT000924155_1_prokka.csv,2881,2930,3,45,1.0
,PDT001139211_1_prokka.csv,2760,2813,3,49,1.0
,PDT001739644_2_prokka.csv,3728,3794,2,63,1.0
,PDT002086352_1_prokka.csv,4974,5060,8,77,1.0
,PDT000050773_2_prokka.csv,6229,6301,3,68,1.0
,PDT000298100_1_prokka.csv,3962,4054,18,73,1.0
,PDT000866102_1_prokka.csv,6133,6200,3,63,1.0
,PDT001414002_1_prokka.csv,6002,6077,3,71,1.0
,PDT001463205_3_prokka.csv,3944,4013,3,65,1.0
,PDT001568430_1_prokka.csv,2493,2557,4,59,1.0
,PDT002081384_1_prokka.csv,2590,2653,4,58,1.0
,PDT001606472_1_prokka.csv,2544,2575,2,28,1.0
,PDT000795594_1_prokka.csv,5169,5221,2,49,1.0
,PDT001231427_1_prokka.csv,3784,3854,4,65,1.0
,PDT001585374_1_prokka.csv,3900,3966,3,62,1.0
,PDT002030226_1_prokka.csv,5686,5753,3,63,1.0
,PDT001536254_1_prokka.csv,2532,2594,3,58,1.0
,PDT001484079_1_prokka.csv,5779,5853,4,69,1.0
,PDT001258871_1_prokka.csv,3733,3825,18,73,1.0
,PDT001992645_1_prokka.csv,2824,2886,4,57,1.0
,PDT001599813_1_prokka.csv,2553,2615,4,57,1.0
,PDT002160701_1_prokka.csv,5110,5201,11,79,1.0
,PDT001994473_1_prokka.csv,6325,6396,3,67,1.0
,PDT000754045_1_prokka.csv,5910,5980,4,65,1.0
,PDT000685957_1_prokka.csv,5106,5160,4,49,1.0
,PDT000045390_1_prokka.csv,6632,6702,3,66,1.0
,PDT000924175_1_prokka.csv,2842,2893,3,47,1.0
,PDT000108654_2_prokka.csv,2541,2605,4,59,1.0
,PDT001602967_1_prokka.csv,3394,3464,6,63,1.0
,PDT001098249_1_prokka.csv,2692,2752,3,56,1.0
,PDT001640264_1_prokka.csv,2580,2644,6,57,1.0
,PDT000920684_1_prokka.csv,5303,5371,5,62,1.0
,PDT000369723_1_prokka.csv,5187,5278,10,80,1.0
,PDT000993173_1_prokka.csv,5750,5817,4,62,1.0
,PDT001637892_1_prokka.csv,2708,2764,4,51,1.0
,PDT001598218_1_prokka.csv,2618,2684,6,59,1.0
,PDT001730337_1_prokka.csv,5812,5881,3,65,1.0
,PDT000742026_1_prokka.csv,2966,3032,5,60,1.0
,PDT001412318_1_prokka.csv,5232,5310,4,73,1.0
,PDT002247626_1_prokka.csv,3611,3678,3,63,1.0
,PDT001173427_3_prokka.csv,4117,4188,5,65,1.0
,PDT000928662_1_prokka.csv,2953,3042,18,70,1.0
,PDT001210098_1_prokka.csv,6401,6476,5,69,1.0
,PDT000701462_1_prokka.csv,2893,2953,5,54,1.0
,PDT001244050_1_prokka.csv,5430,5486,2,53,1.0
,PDT002159295_1_prokka.csv,4995,5086,8,82,1.0
,PDT001506200_1_prokka.csv,3717,3784,2,64,1.0
,PDT002027074_1_prokka.csv,6155,6229,4,69,1.0
,PDT001592349_1_prokka.csv,2832,2890,3,54,1.0
,PDT002045067_1_prokka.csv,3910,3980,5,64,1.0
,PDT001163046_1_prokka.csv,2765,2830,5,59,1.0
,PDT001603132_1_prokka.csv,3646,3713,3,63,1.0
,PDT001807304_1_prokka.csv,5209,5296,5,81,1.0
,PDT001991843_1_prokka.csv,5960,6033,6,66,1.0
,PDT000136608_2_prokka.csv,5352,5433,3,77,1.0
,PDT001843404_1_prokka.csv,2932,3020,18,69,1.0
,PDT002239566_1_prokka.csv,3590,3658,3,64,1.0
,PDT002035291_1_prokka.csv,6300,6373,2,70,1.0
,PDT001521443_1_prokka.csv,2586,2649,5,57,1.0
,PDT001516029_1_prokka.csv,2615,2661,3,42,1.0
,PDT000108832_2_prokka.csv,2634,2696,5,56,1.0
,PDT000480731_1_prokka.csv,3823,3890,4,62,1.0
,PDT002027644_1_prokka.csv,5711,5777,3,62,1.0
,PDT000448238_1_prokka.csv,3697,3760,6,56,1.0
,PDT002031436_1_prokka.csv,5149,5237,9,78,1.0
,PDT002044315_1_prokka.csv,5105,5184,5,73,1.0
,PDT002146262_1_prokka.csv,2482,2550,5,62,1.0
,PDT000331150_1_prokka.csv,6236,6306,4,65,1.0
,PDT002127256_1_prokka.csv,5083,5128,2,42,1.0
,PDT000866288_1_prokka.csv,5899,5969,3,66,1.0
,PDT000700869_1_prokka.csv,2868,2929,4,56,1.0
,PDT001991824_1_prokka.csv,6342,6416,5,68,1.0
,PDT002346997_1_prokka.csv,6398,6464,3,62,1.0
,PDT000370334_1_prokka.csv,5292,5387,12,82,1.0
,PDT001413767_1_prokka.csv,6558,6634,3,72,1.0
,PDT001505125_1_prokka.csv,5821,5895,5,68,1.0
,PDT000364908_1_prokka.csv,6059,6134,7,67,1.0
,PDT000045185_1_prokka.csv,5915,5982,3,63,1.0
,PDT000410482_2_prokka.csv,2507,2575,5,62,1.0
,PDT001346025_1_prokka.csv,5660,5719,2,56,1.0
,PDT001792746_1_prokka.csv,6231,6304,3,69,1.0
,PDT000822705_1_prokka.csv,5132,5211,3,75,1.0
,PDT001563981_1_prokka.csv,2681,2745,5,58,1.0
,PDT001531775_1_prokka.csv,2687,2750,7,55,1.0
,PDT002178441_1_prokka.csv,4841,4938,18,78,1.0
,PDT000369429_1_prokka.csv,5150,5244,11,82,1.0
,PDT000703943_1_prokka.csv,2707,2771,5,58,1.0
,PDT000217707_2_prokka.csv,5248,5320,4,67,1.0
,PDT001135028_1_prokka.csv,5743,5815,4,67,1.0
,PDT001972583_1_prokka.csv,2716,2750,3,30,1.0
,PDT002081890_2_prokka.csv,5621,5697,7,68,1.0
,PDT001213739_1_prokka.csv,2951,3013,3,58,1.0
,PDT000693600_2_prokka.csv,2628,2693,5,59,1.0
,PDT001359273_1_prokka.csv,5140,5237,9,87,1.0
,PDT000704148_1_prokka.csv,2826,2864,2,35,1.0
,PDT001435633_1_prokka.csv,3606,3672,3,62,1.0
,PDT001507695_1_prokka.csv,2564,2626,3,58,1.0
,PDT002239561_1_prokka.csv,3504,3572,3,64,1.0
,PDT002042265_1_prokka.csv,5160,5253,9,83,1.0
,PDT000417673_1_prokka.csv,3776,3843,3,63,1.0
,PDT002055276_1_prokka.csv,5516,5587,5,65,1.0
,PDT001530842_1_prokka.csv,2559,2595,2,33,1.0
,PDT000740669_1_prokka.csv,2737,2800,4,58,1.0
,PDT000375432_1_prokka.csv,3993,4085,18,73,1.0
,PDT002014299_1_prokka.csv,5797,5867,4,65,1.0
,PDT000766344_2_prokka.csv,2588,2639,5,45,1.0
,PDT002383262_1_prokka.csv,5377,5489,25,86,1.0
,PDT001931368_1_prokka.csv,2786,2853,7,59,1.0
,PDT000531941_2_prokka.csv,2526,2606,19,60,1.0
,PDT002383491_1_prokka.csv,5353,5466,25,87,1.0
,PDT001820097_1_prokka.csv,3614,3682,3,64,1.0
,PDT001366145_1_prokka.csv,5372,5456,8,75,1.0
,PDT002064832_1_prokka.csv,6256,6329,3,69,1.0
,PDT001994369_1_prokka.csv,5730,5798,2,65,1.0
,PDT001531099_1_prokka.csv,2513,2566,5,47,1.0
,PDT000866438_1_prokka.csv,5967,6035,4,63,1.0
,PDT000699728_1_prokka.csv,2874,2932,4,53,1.0
,PDT001528929_1_prokka.csv,2458,2522,5,58,1.0
,PDT000605874_1_prokka.csv,3536,3602,3,62,1.0
,PDT000942771_1_prokka.csv,2890,2955,5,59,1.0
,PDT001994300_1_prokka.csv,5891,5962,2,68,1.0
,PDT002026733_1_prokka.csv,3826,3896,6,63,1.0
,PDT001501583_1_prokka.csv,2597,2658,5,55,1.0
,PDT001284092_1_prokka.csv,4999,5079,4,75,1.0
,PDT001758484_1_prokka.csv,2374,2461,18,68,1.0
,PDT002098549_1_prokka.csv,3697,3762,3,61,1.0
,PDT000741688_1_prokka.csv,2693,2755,5,56,1.0
,PDT001213603_1_prokka.csv,2886,2948,5,56,1.0
,PDT000236739_2_prokka.csv,2881,2968,18,68,1.0
,PDT001473865_1_prokka.csv,2762,2823,4,56,1.0
,PDT001454980_1_prokka.csv,6409,6482,5,67,1.0
,PDT001994046_1_prokka.csv,6005,6076,4,66,1.0
,PDT001888028_1_prokka.csv,5747,5816,3,65,1.0
,PDT001993852_1_prokka.csv,5896,5972,7,68,1.0
,PDT000371515_2_prokka.csv,2602,2674,9,62,1.0
,PDT001094856_1_prokka.csv,5178,5268,8,81,1.0
,PDT002086327_1_prokka.csv,5095,5179,7,76,1.0
,PDT001997845_1_prokka.csv,6339,6410,5,65,1.0
,PDT000595635_1_prokka.csv,6150,6220,5,64,1.0
,PDT001559787_1_prokka.csv,2486,2550,6,57,1.0
,PDT002040595_1_prokka.csv,2822,2883,5,55,1.0
,PDT001317680_1_prokka.csv,2543,2604,2,58,1.0
,PDT001274990_1_prokka.csv,3658,3714,3,52,1.0
,PDT002024435_1_prokka.csv,2573,2618,3,41,1.0
,PDT001534207_1_prokka.csv,2551,2613,4,57,1.0
,PDT001076983_1_prokka.csv,2692,2752,4,55,1.0
,PDT001474395_1_prokka.csv,2601,2658,4,52,1.0
,PDT000210200_2_prokka.csv,2501,2567,5,60,1.0
,PDT001211472_1_prokka.csv,6417,6487,3,66,1.0
,PDT000820996_1_prokka.csv,5150,5229,3,75,1.0
,PDT001493572_1_prokka.csv,5858,5928,3,66,1.0
,PDT000874550_1_prokka.csv,5044,5111,4,62,1.0
,PDT000097269_1_prokka.csv,5145,5234,10,78,1.0
,PDT000686160_1_prokka.csv,6093,6157,3,60,1.0
,PDT001562345_1_prokka.csv,2598,2662,5,58,1.0
,PDT001344384_1_prokka.csv,5839,5910,3,67,1.0
,PDT001596655_1_prokka.csv,2623,2685,3,58,1.0
,PDT001976519_1_prokka.csv,2634,2698,6,57,1.0
,PDT002160590_1_prokka.csv,5023,5103,8,71,1.0
,PDT002359098_1_prokka.csv,4954,5038,8,75,1.0
,PDT002277485_1_prokka.csv,3631,3694,3,59,1.0
,PDT000901874_3_prokka.csv,3925,3990,2,62,1.0
,PDT000702413_1_prokka.csv,2743,2782,4,34,1.0
,PDT001530649_1_prokka.csv,2583,2624,6,34,1.0
,PDT000924128_1_prokka.csv,2835,2883,3,44,1.0
,PDT001644612_1_prokka.csv,2543,2606,4,58,1.0
,PDT002138971_1_prokka.csv,2963,3027,5,58,1.0
,PDT000976329_1_prokka.csv,2872,2934,4,57,1.0
,PDT001337280_1_prokka.csv,2716,2771,3,51,1.0
,PDT001044804_3_prokka.csv,3695,3763,4,63,1.0
,PDT000976507_1_prokka.csv,2824,2885,5,55,1.0
,PDT001086048_1_prokka.csv,6218,6293,3,71,1.0
,PDT001571770_1_prokka.csv,2647,2709,3,58,1.0
,PDT001897968_1_prokka.csv,6250,6320,2,67,1.0
,PDT001531791_1_prokka.csv,3082,3172,18,71,1.0
,PDT001371386_1_prokka.csv,5451,5523,3,68,1.0
,PDT000662667_1_prokka.csv,5073,5163,10,79,1.0
,PDT002045320_1_prokka.csv,5858,5933,5,69,1.0
,PDT001506119_1_prokka.csv,3797,3865,4,63,1.0
,PDT001494486_1_prokka.csv,2651,2707,3,52,1.0
,PDT001638301_1_prokka.csv,2701,2755,4,49,1.0
,PDT001157709_5_prokka.csv,3690,3759,3,65,1.0
,PDT000852494_1_prokka.csv,5217,5291,5,68,1.0
,PDT002113771_1_prokka.csv,2517,2587,9,60,1.0
,PDT001661822_1_prokka.csv,5074,5161,7,79,1.0
,PDT001414065_1_prokka.csv,6331,6407,3,72,1.0
,PDT000046271_2_prokka.csv,2370,2428,3,54,1.0
,PDT001712420_1_prokka.csv,2686,2749,4,58,1.0
,PDT001501491_1_prokka.csv,2532,2596,5,58,1.0
,PDT000772531_2_prokka.csv,2664,2735,10,60,1.0
,PDT000791137_2_prokka.csv,2793,2866,9,63,1.0
,PDT000355792_1_prokka.csv,3793,3862,5,63,1.0
,PDT000715084_1_prokka.csv,5436,5524,10,77,1.0
,PDT000743079_1_prokka.csv,2767,2822,3,51,1.0
,PDT001147227_1_prokka.csv,5207,5300,10,82,1.0
,PDT002056594_1_prokka.csv,5090,5179,9,79,1.0
,PDT000704455_1_prokka.csv,2786,2849,3,59,1.0
,PDT000740863_1_prokka.csv,3124,3152,3,24,1.0
,PDT001788352_1_prokka.csv,2754,2811,3,53,1.0
,PDT002127273_1_prokka.csv,5054,5100,2,43,1.0
,PDT000740798_1_prokka.csv,2761,2822,4,56,1.0
,PDT001242734_3_prokka.csv,3691,3760,4,64,1.0
,PDT001225636_1_prokka.csv,2548,2619,14,56,1.0
,PDT001736387_1_prokka.csv,5938,6009,3,67,1.0
,PDT000948680_1_prokka.csv,4904,4982,5,72,1.0
,PDT000685593_1_prokka.csv,5125,5207,5,76,1.0
,PDT001575945_1_prokka.csv,2685,2736,4,46,1.0
,PDT002023527_1_prokka.csv,5809,5877,3,64,1.0
,PDT002056665_1_prokka.csv,6495,6567,6,65,1.0
,PDT001259034_1_prokka.csv,2766,2830,6,57,1.0
,PDT001400560_1_prokka.csv,4063,4154,18,72,1.0
,PDT002346808_1_prokka.csv,5260,5305,4,40,1.0
,PDT001997068_1_prokka.csv,5768,5841,5,67,1.0
,PDT001611769_1_prokka.csv,6025,6102,5,71,1.0
,PDT001411435_1_prokka.csv,5703,5787,5,78,1.0
,PDT001346716_1_prokka.csv,5980,6055,6,68,1.0
,PDT001993916_1_prokka.csv,6267,6339,4,67,1.0
,PDT001087399_1_prokka.csv,5095,5176,5,75,1.0
,PDT001638074_1_prokka.csv,2771,2831,4,55,1.0
,PDT000822790_1_prokka.csv,5087,5168,3,77,1.0
,PDT001534794_1_prokka.csv,2594,2656,3,58,1.0
,PDT001521489_1_prokka.csv,2526,2591,6,58,1.0
,PDT000209523_1_prokka.csv,3717,3774,3,53,1.0
,PDT000140935_1_prokka.csv,4967,5055,9,78,1.0
,PDT002189188_1_prokka.csv,5285,5398,25,87,1.0
,PDT001049488_1_prokka.csv,2714,2783,8,60,1.0
,PDT002042919_1_prokka.csv,5667,5734,3,63,1.0
,PDT000045468_1_prokka.csv,5607,5677,3,66,1.0
,PDT000215209_2_prokka.csv,2859,2924,4,60,1.0
,PDT000901970_1_prokka.csv,2521,2578,4,52,1.0
,PDT000623256_1_prokka.csv,3912,4005,18,74,1.0
,PDT001563599_1_prokka.csv,2629,2695,7,58,1.0
,PDT001009305_1_prokka.csv,6504,6582,5,72,1.0
,PDT001898734_1_prokka.csv,3706,3774,3,64,1.0
,PDT001556095_1_prokka.csv,2568,2631,4,58,1.0
,PDT002010102_1_prokka.csv,3608,3673,2,62,1.0
,PDT002086212_1_prokka.csv,3492,3540,3,44,1.0
,PDT002081858_2_prokka.csv,5804,5877,6,66,1.0
,PDT001263846_1_prokka.csv,2486,2554,7,60,1.0
,PDT000701275_1_prokka.csv,2938,3002,4,59,1.0
,PDT000923250_1_prokka.csv,6214,6285,3,67,1.0
,PDT001534974_1_prokka.csv,2556,2620,5,58,1.0
,PDT002155816_1_prokka.csv,6224,6298,6,67,1.0
,PDT000907122_1_prokka.csv,2969,3040,7,63,1.0
,PDT001550177_1_prokka.csv,2701,2763,3,58,1.0
,PDT000972449_1_prokka.csv,6696,6776,6,73,1.0
,PDT000715315_1_prokka.csv,4908,4994,9,76,1.0
,PDT002351979_1_prokka.csv,3615,3682,3,63,1.0
,PDT001994279_1_prokka.csv,6199,6270,3,67,1.0
,PDT000592058_1_prokka.csv,2637,2699,3,58,1.0
,PDT001304315_1_prokka.csv,2807,2897,18,71,1.0
,PDT002146258_1_prokka.csv,2794,2861,5,61,1.0
,PDT001213507_1_prokka.csv,2834,2899,5,59,1.0
,PDT000937779_2_prokka.csv,3806,3898,18,73,1.0
,PDT002031595_1_prokka.csv,5320,5415,9,85,1.0
,PDT002017442_1_prokka.csv,5246,5359,25,87,1.0
,PDT001535834_1_prokka.csv,2626,2687,3,57,1.0
,PDT001348373_1_prokka.csv,6751,6828,5,71,1.0
,PDT002146193_1_prokka.csv,5697,5763,3,62,1.0
,PDT001562815_1_prokka.csv,2682,2743,4,57,
,PDT002373735_1_prokka.csv,5326,5438,25,86,1.0
,PDT001563791_1_prokka.csv,2599,2662,5,57,1.0
,PDT001514465_1_prokka.csv,2813,2882,7,61,1.0
,PDT000115281_2_prokka.csv,3708,3764,4,51,1.0
,PDT001019448_3_prokka.csv,3679,3747,3,64,1.0
,PDT001787777_2_prokka.csv,5910,5983,5,67,1.0
,PDT001686695_1_prokka.csv,3678,3745,3,63,1.0
,PDT001501480_1_prokka.csv,2546,2607,4,56,1.0
,PDT000705285_1_prokka.csv,2752,2811,3,55,1.0
,PDT000445999_1_prokka.csv,5173,5258,9,75,1.0
,PDT001541390_1_prokka.csv,2627,2691,5,58,1.0
,PDT000694030_1_prokka.csv,2880,2935,4,50,1.0
,PDT000920807_1_prokka.csv,3045,3134,18,70,1.0
,PDT000592366_1_prokka.csv,5052,5150,15,82,1.0
,PDT000740853_1_prokka.csv,2837,2877,3,36,1.0
,PDT002017034_1_prokka.csv,5169,5253,8,75,1.0
,PDT001603240_1_prokka.csv,3491,3562,7,63,1.0
,PDT001601605_1_prokka.csv,2631,2693,3,58,1.0
,PDT001287104_3_prokka.csv,3602,3670,5,62,1.0
,PDT000700889_1_prokka.csv,2793,2855,4,57,1.0
,PDT000715268_1_prokka.csv,5294,5381,11,75,1.0
,PDT000431562_1_prokka.csv,3501,3549,3,44,1.0
,PDT000827064_1_prokka.csv,2631,2711,19,60,1.0
,PDT001502929_1_prokka.csv,3726,3795,5,63,1.0
,PDT002323303_1_prokka.csv,3612,3679,3,63,1.0
,PDT001515766_1_prokka.csv,2517,2547,4,25,1.0
,PDT001451113_1_prokka.csv,6369,6441,3,68,1.0
,PDT001993671_1_prokka.csv,6051,6120,2,66,1.0
,PDT000151993_2_prokka.csv,5163,5244,5,75,1.0
,PDT001355188_1_prokka.csv,3758,3828,7,62,1.0
,PDT001889116_1_prokka.csv,2578,2639,2,58,1.0
,PDT001072865_1_prokka.csv,6292,6365,3,69,1.0
,PDT000820994_1_prokka.csv,5465,5552,4,82,1.0
,PDT001616948_3_prokka.csv,3505,3570,4,60,1.0
,PDT001256978_1_prokka.csv,5478,5591,25,87,1.0
,PDT001558011_1_prokka.csv,4822,4907,7,77,1.0
,PDT001502430_1_prokka.csv,2613,2671,5,52,1.0
,PDT001020382_1_prokka.csv,5442,5528,8,77,1.0
,PDT001020838_1_prokka.csv,6475,6541,3,62,1.0
,PDT000795103_1_prokka.csv,5697,5768,3,67,1.0
,PDT001221915_1_prokka.csv,6105,6177,3,68,1.0
,PDT000945270_2_prokka.csv,3554,3622,4,63,1.0
,PDT001976474_1_prokka.csv,2601,2666,6,58,1.0
,PDT001413298_1_prokka.csv,5703,5778,3,71,1.0
,PDT001526816_1_prokka.csv,2657,2721,4,59,1.0
,PDT001219190_1_prokka.csv,2734,2795,4,56,1.0
,PDT000342121_2_prokka.csv,3717,3783,4,61,1.0
,PDT001854278_1_prokka.csv,6569,6639,3,66,1.0
,PDT002115608_1_prokka.csv,5703,5787,4,79,1.0
,PDT001688590_1_prokka.csv,3912,3978,3,62,1.0
,PDT001506364_1_prokka.csv,3733,3794,2,58,1.0
,PDT001231477_1_prokka.csv,2613,2661,2,45,1.0
,PDT000209092_1_prokka.csv,3486,3544,3,54,1.0
,PDT001832271_1_prokka.csv,2639,2697,4,53,1.0
,PDT001118330_1_prokka.csv,2941,3012,7,63,1.0
,PDT001505123_1_prokka.csv,5766,5841,3,71,1.0
,PDT001360494_1_prokka.csv,5271,5359,9,78,1.0
,PDT001091037_3_prokka.csv,3894,3958,2,61,1.0
,PDT002111476_1_prokka.csv,3477,3544,3,63,1.0
,PDT001735949_1_prokka.csv,5688,5760,3,68,1.0
,PDT000045255_1_prokka.csv,5826,5895,3,65,1.0
,PDT000913156_1_prokka.csv,2871,2942,7,63,1.0
,PDT000424046_1_prokka.csv,3781,3849,4,63,1.0
,PDT002121204_1_prokka.csv,3065,3127,3,58,1.0
,PDT000424131_1_prokka.csv,3537,3603,3,62,1.0
,PDT001511976_1_prokka.csv,2620,2684,5,58,1.0
,PDT000096421_1_prokka.csv,6522,6597,9,65,1.0
,PDT001592144_1_prokka.csv,5267,5355,10,77,1.0
,PDT001923207_1_prokka.csv,5262,5339,6,70,1.0
,PDT001436900_1_prokka.csv,6575,6647,5,66,1.0
,PDT001530802_1_prokka.csv,2507,2523,3,12,1.0
,PDT000924159_1_prokka.csv,2753,2803,3,46,1.0
,PDT001565956_1_prokka.csv,2578,2640,3,58,1.0
,PDT000984890_1_prokka.csv,2556,2601,5,39,1.0
,PDT000772755_2_prokka.csv,2678,2747,8,60,1.0
,PDT001877480_1_prokka.csv,5865,5935,3,66,1.0
,PDT000723950_1_prokka.csv,5180,5264,6,77,1.0
,PDT001578386_1_prokka.csv,2567,2625,5,52,1.0
,PDT002239535_1_prokka.csv,3566,3632,2,63,1.0
,PDT001198459_3_prokka.csv,3695,3764,4,64,1.0
,PDT001845625_2_prokka.csv,2859,2921,4,57,1.0
,PDT000645260_2_prokka.csv,2827,2896,8,60,1.0
,PDT001499395_3_prokka.csv,2484,2547,4,58,1.0
,PDT000811664_1_prokka.csv,2565,2628,3,59,1.0
,PDT001601639_1_prokka.csv,2564,2619,5,49,1.0
,PDT000411640_1_prokka.csv,5977,6053,7,68,1.0
,PDT001594944_3_prokka.csv,5052,5136,6,77,1.0
,PDT001680430_1_prokka.csv,3496,3588,18,73,1.0
,PDT000696491_1_prokka.csv,2778,2841,5,57,1.0
,PDT001599495_1_prokka.csv,2893,2968,10,64,1.0
,PDT000875223_1_prokka.csv,5069,5136,4,62,1.0
,PDT001997604_1_prokka.csv,6123,6197,3,70,1.0
,PDT002102030_1_prokka.csv,5561,5607,2,43,1.0
,PDT001502060_1_prokka.csv,2556,2621,6,58,1.0
,PDT001506395_1_prokka.csv,3596,3658,3,58,1.0
,PDT001687057_1_prokka.csv,2589,2623,4,29,1.0
,PDT002390572_1_prokka.csv,3710,3777,3,63,1.0
,PDT001902601_1_prokka.csv,6551,6626,4,70,1.0
,PDT001512504_1_prokka.csv,5104,5188,6,77,1.0
,PDT000070385_2_prokka.csv,2822,2852,3,26,1.0
,PDT001609275_1_prokka.csv,2641,2686,4,40,1.0
,PDT002145362_1_prokka.csv,5742,5814,3,68,1.0
,PDT001443645_1_prokka.csv,5856,5928,4,67,1.0
,PDT000879606_1_prokka.csv,2797,2859,4,57,1.0
,PDT000243180_1_prokka.csv,5847,5918,3,67,1.0
,PDT001342428_1_prokka.csv,2561,2624,6,56,1.0
,PDT002239682_1_prokka.csv,2625,2691,5,60,1.0
,PDT001695914_1_prokka.csv,2749,2778,3,25,1.0
,PDT001094877_1_prokka.csv,5465,5546,6,74,1.0
,PDT001952951_1_prokka.csv,2629,2684,3,51,1.0
,PDT001533609_1_prokka.csv,2741,2807,4,61,1.0
,PDT001640196_1_prokka.csv,2471,2531,4,55,1.0
,PDT001898049_1_prokka.csv,6157,6217,3,56,1.0
,PDT000342110_2_prokka.csv,3570,3638,4,63,1.0
,PDT000929351_1_prokka.csv,2744,2815,8,62,1.0
,PDT001308582_1_prokka.csv,5279,5368,9,79,1.0
,PDT002234123_1_prokka.csv,3636,3702,2,63,1.0
,PDT000482921_1_prokka.csv,6289,6363,5,68,1.0
,PDT001347515_1_prokka.csv,4911,4989,3,74,1.0
,PDT001876720_1_prokka.csv,5793,5865,4,67,1.0
,PDT001501219_1_prokka.csv,2510,2573,5,57,1.0
,PDT002130444_1_prokka.csv,3614,3677,4,58,1.0
,PDT001504902_1_prokka.csv,5218,5297,5,73,1.0
,PDT001296782_2_prokka.csv,5086,5174,8,79,1.0
,PDT000466533_2_prokka.csv,2760,2826,6,59,1.0
,PDT001603323_1_prokka.csv,3624,3695,6,64,1.0
,PDT001712505_1_prokka.csv,2568,2605,2,34,1.0
,PDT001198510_1_prokka.csv,2329,2387,3,54,1.0
,PDT001413952_1_prokka.csv,5726,5801,3,71,1.0
,PDT001286323_1_prokka.csv,6408,6481,4,68,1.0
,PDT000222229_2_prokka.csv,2669,2741,9,62,1.0
,PDT000715100_1_prokka.csv,5670,5757,9,77,1.0
,PDT001707177_1_prokka.csv,2535,2600,6,58,1.0
,PDT001543441_1_prokka.csv,2579,2643,5,58,1.0
,PDT001207820_3_prokka.csv,3496,3562,3,62,1.0
,PDT001264587_3_prokka.csv,3589,3655,2,63,1.0
,PDT000701979_1_prokka.csv,2545,2600,4,50,1.0
,PDT001505873_1_prokka.csv,3730,3792,3,58,1.0
,PDT001534958_1_prokka.csv,2559,2621,4,57,1.0
,PDT001949349_1_prokka.csv,2607,2672,5,59,1.0
,PDT002080323_1_prokka.csv,5032,5116,7,76,1.0
,PDT001967561_1_prokka.csv,2845,2914,6,62,1.0
,PDT001828698_1_prokka.csv,5717,5788,3,67,1.0
,PDT001940668_1_prokka.csv,3757,3823,2,63,1.0
,PDT001242790_3_prokka.csv,3692,3760,4,63,1.0
,PDT002023132_1_prokka.csv,6080,6148,2,65,1.0
,PDT001571776_1_prokka.csv,2488,2555,8,58,1.0
,PDT002274115_1_prokka.csv,2558,2609,4,46,1.0
,PDT001269432_1_prokka.csv,2367,2426,4,54,1.0
,PDT000068277_1_prokka.csv,5895,5956,2,58,1.0
,PDT000172143_4_prokka.csv,5224,5291,4,62,1.0
,PDT001898884_1_prokka.csv,3840,3907,3,63,1.0
,PDT001948773_1_prokka.csv,6215,6282,3,63,1.0
,PDT001779486_2_prokka.csv,3950,4013,4,58,1.0
,PDT001171214_1_prokka.csv,2775,2830,3,51,1.0
,PDT002032635_1_prokka.csv,5394,5478,8,75,1.0
,PDT000045260_1_prokka.csv,5736,5805,3,65,1.0
,PDT000531961_2_prokka.csv,2819,2886,6,60,1.0
,PDT000870592_1_prokka.csv,5023,5107,7,76,1.0
,PDT000797656_1_prokka.csv,5972,6042,3,66,1.0
,PDT001931527_1_prokka.csv,2584,2644,4,55,1.0
,PDT000107993_2_prokka.csv,2717,2774,3,53,1.0
,PDT001973261_1_prokka.csv,3748,3813,3,61,1.0
,PDT001091758_1_prokka.csv,5059,5132,5,67,1.0
,PDT001413888_1_prokka.csv,5794,5865,3,67,1.0
,PDT000230860_1_prokka.csv,5888,5965,5,71,1.0
,PDT002121131_1_prokka.csv,3066,3127,4,56,1.0
,PDT000391966_1_prokka.csv,6213,6295,4,77,1.0
,PDT001873270_1_prokka.csv,3513,3580,2,64,1.0
,PDT001411420_1_prokka.csv,5067,5154,8,78,1.0
,PDT000685936_1_prokka.csv,4933,4988,5,49,1.0
,PDT002373760_1_prokka.csv,5101,5213,25,86,1.0
,PDT001472401_1_prokka.csv,2790,2846,3,52,1.0
,PDT000774245_1_prokka.csv,5643,5709,3,62,1.0
,PDT001711688_1_prokka.csv,2426,2488,4,57,1.0
,PDT001997524_1_prokka.csv,6420,6492,4,67,1.0
,PDT000722352_1_prokka.csv,3807,3876,3,65,1.0
,PDT002335203_1_prokka.csv,5307,5385,7,70,1.0
,PDT001213708_1_prokka.csv,2770,2832,5,56,1.0
,PDT001720271_1_prokka.csv,2675,2736,5,55,1.0
,PDT002111671_1_prokka.csv,3706,3772,2,63,1.0
,PDT001306298_1_prokka.csv,3001,3064,3,59,1.0
,PDT001135169_1_prokka.csv,3567,3635,4,63,1.0
,PDT001006742_1_prokka.csv,3762,3830,4,63,1.0
,PDT001366215_1_prokka.csv,4957,5038,5,75,1.0
,PDT001349732_1_prokka.csv,6226,6300,3,70,1.0
,PDT000233348_1_prokka.csv,3749,3807,3,54,1.0
,PDT002065564_1_prokka.csv,2813,2879,7,58,1.0
,PDT001278085_1_prokka.csv,4651,4732,4,76,1.0
,PDT001603350_1_prokka.csv,3506,3576,6,63,1.0
,PDT001549639_1_prokka.csv,4019,4086,3,63,1.0
,PDT001488467_1_prokka.csv,5272,5344,5,66,1.0
,PDT000033762_1_prokka.csv,3692,3785,17,75,1.0
,PDT000751247_1_prokka.csv,4019,4087,3,64,1.0
,PDT002072188_1_prokka.csv,6522,6594,3,68,1.0
,PDT002121302_1_prokka.csv,2877,2937,4,55,1.0
,PDT000791008_2_prokka.csv,2645,2717,10,61,1.0
,PDT000291817_2_prokka.csv,2698,2765,4,62,1.0
,PDT000294206_2_prokka.csv,2620,2691,9,61,1.0
,PDT001505883_1_prokka.csv,3799,3862,3,59,1.0
,PDT000045164_1_prokka.csv,6554,6628,3,70,1.0
,PDT002239683_1_prokka.csv,2812,2879,5,61,1.0
,PDT000108820_2_prokka.csv,2520,2582,5,56,1.0
,PDT001909038_1_prokka.csv,2850,2907,3,53,1.0
,PDT001382794_1_prokka.csv,3730,3797,3,63,1.0
,PDT001213431_1_prokka.csv,2771,2835,5,58,1.0
,PDT001414021_1_prokka.csv,5861,5932,3,67,1.0
,PDT001280634_3_prokka.csv,3658,3725,5,61,1.0
,PDT000703817_1_prokka.csv,2706,2763,4,52,1.0
,PDT001163188_1_prokka.csv,2780,2829,3,45,1.0
,PDT001469720_1_prokka.csv,3708,3763,3,51,1.0
,PDT001343959_1_prokka.csv,5997,6068,5,65,1.0
,PDT000907238_1_prokka.csv,3073,3145,7,64,1.0
,PDT001532417_1_prokka.csv,2696,2761,5,59,1.0
,PDT002066814_1_prokka.csv,6041,6129,12,75,1.0
,PDT001769393_1_prokka.csv,5313,5396,3,79,1.0
,PDT001076412_1_prokka.csv,2864,2935,8,62,1.0
,PDT000045144_1_prokka.csv,6485,6555,4,65,1.0
,PDT001516487_1_prokka.csv,2558,2619,2,58,1.0
,PDT000670348_2_prokka.csv,2706,2776,6,63,1.0
,PDT001563295_1_prokka.csv,2708,2773,6,58,1.0
,PDT001360977_1_prokka.csv,2723,2781,4,53,1.0
,PDT000866579_1_prokka.csv,3898,3966,4,63,1.0
,PDT002038584_1_prokka.csv,5071,5141,4,65,1.0
,PDT001735960_1_prokka.csv,5777,5846,3,65,1.0
,PDT001531904_1_prokka.csv,2825,2894,7,61,1.0
,PDT001325529_1_prokka.csv,6274,6344,3,66,1.0
,PDT000570941_1_prokka.csv,6161,6231,6,63,1.0
,PDT002108107_1_prokka.csv,5309,5395,7,78,1.0
,PDT001451090_1_prokka.csv,6595,6666,3,67,1.0
,PDT000392013_1_prokka.csv,6145,6217,6,65,1.0
,PDT001991781_1_prokka.csv,6098,6172,7,66,1.0
,PDT001009335_1_prokka.csv,5706,5777,3,67,1.0
,PDT001998021_1_prokka.csv,2731,2797,5,60,1.0
,PDT000417663_1_prokka.csv,3457,3522,3,61,1.0
,PDT002051972_1_prokka.csv,3902,3972,4,65,1.0
,PDT001530534_1_prokka.csv,2463,2503,4,35,1.0
,PDT000435445_1_prokka.csv,5096,5187,12,78,1.0
,PDT001860313_1_prokka.csv,3570,3634,4,59,1.0
,PDT001278474_1_prokka.csv,3515,3587,9,62,1.0
,PDT001685294_1_prokka.csv,5120,5233,25,87,1.0
,PDT002121063_1_prokka.csv,2923,2975,5,46,1.0
,PDT001553264_1_prokka.csv,2574,2626,1,50,1.0
,PDT001661808_1_prokka.csv,5005,5092,9,77,1.0
,PDT002313700_1_prokka.csv,3117,3185,6,61,1.0
,PDT001508840_1_prokka.csv,2687,2754,5,61,1.0
,PDT000701473_1_prokka.csv,2706,2768,4,57,1.0
,PDT000672221_1_prokka.csv,5153,5239,8,77,1.0
,PDT001952968_1_prokka.csv,2758,2815,3,53,1.0
,PDT002021367_1_prokka.csv,5544,5610,2,63,1.0
,PDT001514427_1_prokka.csv,2535,2599,7,56,1.0
,PDT001558385_1_prokka.csv,5237,5318,7,73,1.0
,PDT001176932_1_prokka.csv,2724,2790,4,61,1.0
,PDT002160678_1_prokka.csv,5161,5256,17,77,1.0
,PDT001500105_4_prokka.csv,2512,2576,5,58,1.0
,PDT001046560_1_prokka.csv,5428,5513,6,78,1.0
,PDT001669809_1_prokka.csv,2621,2684,4,58,1.0
,PDT001338550_1_prokka.csv,2818,2879,8,52,1.0
,PDT000700118_1_prokka.csv,2840,2904,5,58,1.0
,PDT001860357_1_prokka.csv,3692,3756,4,59,1.0
,PDT000070676_1_prokka.csv,6255,6302,3,43,1.0
,PDT002059608_1_prokka.csv,3793,3858,3,61,1.0
,PDT000119238_2_prokka.csv,2573,2642,7,61,1.0
,PDT001488364_1_prokka.csv,3823,3892,3,65,1.0
,PDT002369879_2_prokka.csv,5060,5173,25,87,1.0
,PDT001198226_1_prokka.csv,5066,5147,5,75,1.0
,PDT001585599_1_prokka.csv,5112,5196,9,74,1.0
,PDT000733280_3_prokka.csv,3957,4024,2,64,1.0
,PDT002250961_1_prokka.csv,5351,5451,15,84,1.0
,PDT001562225_1_prokka.csv,2532,2597,6,58,1.0
,PDT001737607_1_prokka.csv,6517,6595,4,73,1.0
,PDT001949534_1_prokka.csv,2557,2628,9,61,1.0
,PDT001878354_1_prokka.csv,5186,5257,3,67,1.0
,PDT001531778_1_prokka.csv,2963,3074,20,90,1.0
,PDT001337665_1_prokka.csv,2501,2562,3,57,1.0
,PDT000392028_1_prokka.csv,6058,6139,4,76,1.0
,PDT000572227_2_prokka.csv,2878,2951,15,57,1.0
,PDT001940665_1_prokka.csv,3869,3936,3,63,1.0
,PDT000866298_1_prokka.csv,5899,5979,13,66,1.0
,PDT001299640_2_prokka.csv,5106,5189,9,73,1.0
,PDT002138893_1_prokka.csv,2800,2866,5,60,1.0
,PDT002208336_1_prokka.csv,5027,5111,6,77,1.0
,PDT001162591_1_prokka.csv,4939,5035,10,85,1.0
,PDT001500114_4_prokka.csv,2656,2719,4,58,1.0
,PDT000443734_1_prokka.csv,3470,3536,2,63,1.0
,PDT001836365_1_prokka.csv,2500,2562,4,57,1.0
,PDT001809965_1_prokka.csv,5920,5991,3,67,1.0
,PDT001224580_1_prokka.csv,2572,2626,2,51,1.0
,PDT001218570_1_prokka.csv,3842,3911,3,65,1.0
,PDT001195982_3_prokka.csv,5388,5472,4,79,1.0
,PDT001830491_2_prokka.csv,2600,2663,5,57,1.0
,PDT002121022_1_prokka.csv,2931,2983,5,46,1.0
,PDT001710108_1_prokka.csv,5040,5122,6,75,1.0
,PDT002371031_1_prokka.csv,4884,4997,25,87,1.0
,PDT000673557_1_prokka.csv,5624,5694,3,66,1.0
,PDT001898866_1_prokka.csv,3701,3768,3,63,1.0
,PDT000972482_1_prokka.csv,6302,6375,6,66,1.0
,PDT000045220_1_prokka.csv,6342,6412,4,65,1.0
,PDT001897960_1_prokka.csv,5843,5912,3,65,1.0
,PDT001278471_1_prokka.csv,3600,3672,9,62,1.0
,PDT000217700_1_prokka.csv,3756,3814,3,54,1.0
,PDT001549964_1_prokka.csv,2411,2474,4,58,1.0
,PDT001792543_1_prokka.csv,3749,3814,3,61,1.0
,PDT001976169_1_prokka.csv,2551,2614,4,58,1.0
,PDT000907027_1_prokka.csv,2816,2878,7,54,1.0
,PDT001231317_1_prokka.csv,3732,3795,3,59,1.0
,PDT001162919_1_prokka.csv,2802,2859,3,53,1.0
,PDT001259115_1_prokka.csv,2818,2879,6,54,1.0
,PDT000871264_1_prokka.csv,5013,5056,4,38,1.0
,PDT002291970_1_prokka.csv,5280,5377,9,87,1.0
,PDT001866018_1_prokka.csv,4988,5084,12,83,1.0
,PDT001508929_1_prokka.csv,2478,2542,5,58,1.0
,PDT001132816_1_prokka.csv,3141,3228,17,69,1.0
,PDT002028249_1_prokka.csv,2836,2898,3,58,1.0
,PDT001600504_1_prokka.csv,2655,2720,5,59,1.0
,PDT001877190_1_prokka.csv,3528,3592,3,60,1.0
,PDT001865899_1_prokka.csv,5216,5310,9,84,1.0
,PDT000754197_1_prokka.csv,6252,6316,3,60,1.0
,PDT000906788_1_prokka.csv,5741,5812,3,67,1.0
,PDT001954053_1_prokka.csv,5108,5188,7,72,1.0
,PDT001437990_1_prokka.csv,2705,2754,3,45,1.0
,PDT002160742_1_prokka.csv,5032,5120,14,73,1.0
,PDT001468662_1_prokka.csv,5253,5336,9,73,1.0
,PDT000483004_1_prokka.csv,6259,6333,6,67,1.0
,PDT002027167_1_prokka.csv,5754,5826,3,68,1.0
,PDT001852433_1_prokka.csv,3675,3736,3,57,1.0
,PDT001646662_1_prokka.csv,2438,2502,4,59,1.0
,PDT000875048_1_prokka.csv,5175,5244,4,64,1.0
,PDT001718058_1_prokka.csv,2623,2687,4,59,1.0
,PDT002019340_1_prokka.csv,5087,5163,7,68,1.0
,PDT001505798_1_prokka.csv,3815,3882,2,64,1.0
,PDT000191034_2_prokka.csv,3167,3254,18,68,1.0
,PDT002094554_1_prokka.csv,5106,5196,10,79,1.0
,PDT001087908_1_prokka.csv,3649,3716,3,63,1.0
,PDT001363435_1_prokka.csv,6314,6384,2,67,1.0
,PDT000459603_1_prokka.csv,5701,5783,6,75,1.0
,PDT000543871_2_prokka.csv,2697,2771,8,65,1.0
,PDT001917741_1_prokka.csv,5698,5770,3,68,1.0
,PDT001726413_3_prokka.csv,4940,5024,8,75,1.0
,PDT001547177_1_prokka.csv,2590,2653,6,56,1.0
,PDT001342374_1_prokka.csv,2606,2669,6,56,1.0
,PDT001245367_1_prokka.csv,2713,2776,5,57,1.0
,PDT001474276_1_prokka.csv,2796,2855,4,54,1.0
,PDT000116409_2_prokka.csv,2726,2794,7,60,1.0
,PDT001705421_1_prokka.csv,4987,5064,6,70,1.0
,PDT002239556_1_prokka.csv,3595,3663,3,64,1.0
,PDT001543601_1_prokka.csv,2728,2796,7,60,1.0
,PDT002085504_1_prokka.csv,6218,6292,5,68,1.0
,PDT002345975_1_prokka.csv,3839,3910,2,68,1.0
,PDT001092412_1_prokka.csv,5002,5084,8,73,1.0
,PDT001976761_1_prokka.csv,2548,2608,1,58,1.0
,PDT002230817_1_prokka.csv,5329,5427,12,85,1.0
,PDT001147060_1_prokka.csv,3741,3806,3,61,1.0
,PDT002069507_1_prokka.csv,6361,6431,3,66,1.0
,PDT001176779_1_prokka.csv,2787,2850,4,58,1.0
,PDT001337530_1_prokka.csv,2479,2545,7,58,1.0
,PDT000595109_1_prokka.csv,4067,4164,20,76,1.0
,PDT000869703_1_prokka.csv,5287,5372,9,75,1.0
,PDT001642695_1_prokka.csv,2715,2776,5,55,1.0
,PDT001773016_1_prokka.csv,5073,5156,6,76,1.0
,PDT001570093_1_prokka.csv,2596,2658,3,58,1.0
,PDT001518899_1_prokka.csv,4960,5040,3,76,1.0
,PDT001536740_1_prokka.csv,2565,2629,5,58,1.0
,PDT001669642_1_prokka.csv,2664,2725,2,58,1.0
,PDT001976376_1_prokka.csv,2560,2620,3,56,1.0
,PDT002178339_1_prokka.csv,5484,5584,16,83,1.0
,PDT000460345_1_prokka.csv,5721,5819,12,85,1.0
,PDT001359352_1_prokka.csv,5097,5186,7,81,1.0
,PDT001210246_1_prokka.csv,5918,5989,4,66,1.0
,PDT000893572_3_prokka.csv,5126,5209,8,74,1.0
,PDT000472022_2_prokka.csv,2999,3051,5,46,1.0
,PDT001559375_1_prokka.csv,2676,2741,5,59,1.0
,PDT001952815_1_prokka.csv,2726,2780,3,50,1.0
,PDT001505128_1_prokka.csv,5646,5717,3,67,1.0
,PDT000740923_1_prokka.csv,2677,2726,4,44,1.0
,PDT001386049_1_prokka.csv,5025,5092,9,57,1.0
,PDT000686121_1_prokka.csv,5836,5899,3,59,1.0
,PDT000863650_1_prokka.csv,3717,3784,3,63,1.0
,PDT001071430_1_prokka.csv,2517,2581,4,59,1.0
,PDT000694088_1_prokka.csv,2668,2718,5,44,1.0
,PDT000311284_1_prokka.csv,4932,5042,25,84,1.0
,PDT001704606_1_prokka.csv,5088,5161,2,70,1.0
,PDT001824899_1_prokka.csv,2595,2657,4,57,1.0
,PDT001520773_1_prokka.csv,2605,2669,5,58,1.0
,PDT001554392_1_prokka.csv,2581,2644,4,58,1.0
,PDT001533263_1_prokka.csv,2564,2627,6,56,1.0
,PDT001514430_1_prokka.csv,2849,2916,7,59,1.0
,PDT002279629_1_prokka.csv,4850,4943,9,83,1.0
,PDT001219200_1_prokka.csv,2815,2878,4,58,1.0
,PDT001554889_1_prokka.csv,2613,2676,4,58,1.0
,PDT001506382_1_prokka.csv,3516,3582,4,61,1.0
,PDT001371340_1_prokka.csv,6157,6230,5,67,1.0
,PDT000335376_2_prokka.csv,2545,2597,5,46,1.0
,PDT001557263_1_prokka.csv,2520,2551,5,25,1.0
,PDT001198185_1_prokka.csv,6474,6551,5,71,1.0
,PDT000414922_1_prokka.csv,5754,5820,3,62,1.0
,PDT002072015_1_prokka.csv,3834,3904,5,64,1.0
,PDT001997620_1_prokka.csv,6192,6265,5,67,1.0
,PDT001342182_1_prokka.csv,6532,6603,3,67,1.0
,PDT001118323_1_prokka.csv,2789,2859,8,61,1.0
,PDT000418781_1_prokka.csv,3731,3804,9,63,1.0
,PDT001371368_1_prokka.csv,5760,5830,4,65,1.0
,PDT000703924_1_prokka.csv,2738,2799,5,55,1.0
,PDT000765361_2_prokka.csv,2660,2741,19,61,1.0
,PDT001551421_1_prokka.csv,6615,6688,5,67,1.0
,PDT000686155_1_prokka.csv,6847,6924,3,73,1.0
,PDT001299600_1_prokka.csv,4908,4992,7,76,1.0
,PDT000411877_1_prokka.csv,6583,6660,6,70,1.0
,PDT001348412_1_prokka.csv,6398,6475,5,71,1.0
,PDT001413225_1_prokka.csv,6668,6740,3,68,1.0
,PDT001889658_2_prokka.csv,6843,6914,3,67,1.0
,PDT001831590_1_prokka.csv,2696,2736,4,35,1.0
,PDT000438429_1_prokka.csv,5200,5263,7,55,1.0
,PDT002042605_1_prokka.csv,6088,6158,3,66,1.0
,PDT001997094_1_prokka.csv,5900,5972,3,68,1.0
,PDT000700898_1_prokka.csv,2753,2815,4,57,1.0
,PDT001998149_1_prokka.csv,2733,2798,5,59,1.0
,PDT001813753_1_prokka.csv,2749,2811,4,57,1.0
,PDT001991622_1_prokka.csv,5218,5304,4,81,1.0
,PDT000236841_2_prokka.csv,2617,2679,4,57,1.0
,PDT001379795_3_prokka.csv,3455,3520,3,61,1.0
,PDT000076729_1_prokka.csv,6512,6585,3,69,1.0
,PDT001122700_1_prokka.csv,5855,5940,12,72,1.0
,PDT001176442_1_prokka.csv,2954,3011,4,52,1.0
,PDT001672334_1_prokka.csv,4940,5022,6,75,1.0
,PDT001259006_1_prokka.csv,2854,2916,4,57,1.0
,PDT001165206_1_prokka.csv,2534,2592,2,55,1.0
,PDT001164078_3_prokka.csv,3458,3519,3,57,1.0
,PDT002345859_1_prokka.csv,3512,3578,2,63,1.0
,PDT001211267_1_prokka.csv,6551,6622,4,66,1.0
,PDT002180968_1_prokka.csv,2592,2649,4,52,1.0
,PDT000435497_1_prokka.csv,5024,5104,5,74,1.0
,PDT000092649_1_prokka.csv,3915,3986,6,64,1.0
,PDT001577264_1_prokka.csv,3860,3926,4,61,1.0
,PDT001603340_1_prokka.csv,3587,3654,3,63,1.0
,PDT000702342_1_prokka.csv,2877,2927,5,44,1.0
,PDT000411588_1_prokka.csv,6126,6198,6,65,1.0
,PDT002000516_1_prokka.csv,3582,3649,3,63,1.0
,PDT000663183_1_prokka.csv,5261,5373,25,86,1.0
,PDT000424224_1_prokka.csv,5838,5902,3,60,1.0
,PDT001795789_1_prokka.csv,3996,4088,18,73,1.0
,PDT002102144_1_prokka.csv,5289,5333,2,41,1.0
,PDT000630102_1_prokka.csv,5204,5289,6,78,1.0
,PDT001546136_1_prokka.csv,2414,2459,4,40,1.0
,PDT001607357_1_prokka.csv,2771,2825,5,48,1.0
,PDT001697032_1_prokka.csv,2604,2671,6,60,1.0
,PDT001672850_1_prokka.csv,5264,5347,6,76,1.0
,PDT001382790_1_prokka.csv,3761,3827,5,60,1.0
,PDT001997630_1_prokka.csv,6050,6119,5,63,1.0
,PDT000118260_2_prokka.csv,2751,2818,6,60,1.0
,PDT002036495_1_prokka.csv,3640,3706,3,62,1.0
,PDT000976455_1_prokka.csv,2724,2781,5,51,1.0
,PDT002168803_1_prokka.csv,3917,3960,2,40,1.0
,PDT001388421_1_prokka.csv,6024,6095,4,66,1.0
,PDT001682497_1_prokka.csv,5824,5898,3,70,1.0
,PDT000510449_1_prokka.csv,3860,3928,4,63,1.0
,PDT001501453_1_prokka.csv,2538,2602,5,58,1.0
,PDT002039649_1_prokka.csv,5238,5304,8,57,1.0
,PDT000460349_1_prokka.csv,5279,5371,10,81,1.0
,PDT002045297_1_prokka.csv,5953,6027,4,69,1.0
,PDT001337541_1_prokka.csv,2487,2550,4,58,1.0
,PDT002028920_1_prokka.csv,5559,5631,2,69,1.0
,PDT001344543_1_prokka.csv,6397,6466,3,65,1.0
,PDT002024647_1_prokka.csv,3471,3539,3,64,1.0
,PDT001344098_1_prokka.csv,6424,6493,2,66,1.0
,PDT001546145_1_prokka.csv,2550,2592,2,39,1.0
,PDT001520915_1_prokka.csv,2514,2578,5,58,1.0
,PDT001716577_1_prokka.csv,6105,6175,3,66,1.0
,PDT002366257_1_prokka.csv,5568,5682,25,88,1.0
,PDT001337276_1_prokka.csv,2643,2700,3,53,1.0
,PDT001695039_1_prokka.csv,2500,2565,6,58,1.0
,PDT001571033_1_prokka.csv,2648,2710,3,58,1.0
,PDT001375083_1_prokka.csv,2594,2640,4,41,1.0
,PDT002102163_1_prokka.csv,5105,5155,3,46,1.0
,PDT001474379_1_prokka.csv,2756,2806,3,46,1.0
,PDT000985298_3_prokka.csv,3650,3718,4,63,1.0
,PDT002164905_1_prokka.csv,2664,2733,8,60,1.0
,PDT000424286_1_prokka.csv,6301,6369,4,63,1.0
,PDT000441452_1_prokka.csv,3624,3689,2,62,1.0
,PDT001531290_1_prokka.csv,2544,2590,4,41,1.0
,PDT001506283_1_prokka.csv,3603,3664,3,57,1.0
,PDT000045281_1_prokka.csv,5752,5824,3,68,1.0
,PDT001213813_1_prokka.csv,2769,2828,5,53,1.0
,PDT001028950_1_prokka.csv,2537,2598,2,58,1.0
,PDT001366656_3_prokka.csv,3474,3537,3,59,1.0
,PDT000079076_2_prokka.csv,2749,2816,5,61,1.0
,PDT001794884_2_prokka.csv,5204,5283,6,72,1.0
,PDT002059658_1_prokka.csv,3897,3982,3,81,1.0
,PDT000871299_1_prokka.csv,5130,5182,3,48,1.0
,PDT001349801_1_prokka.csv,6082,6155,3,69,1.0
,PDT001771525_1_prokka.csv,3805,3869,8,55,1.0
,PDT000907139_1_prokka.csv,2938,3011,7,65,1.0
,PDT001601909_1_prokka.csv,2508,2563,3,51,1.0
,PDT000924247_1_prokka.csv,2800,2849,3,45,1.0
,PDT001113902_1_prokka.csv,5081,5193,25,86,1.0
,PDT002230738_1_prokka.csv,5212,5304,13,78,1.0
,PDT000997280_1_prokka.csv,5120,5214,9,84,1.0
,PDT001289183_1_prokka.csv,5173,5258,6,78,1.0
,PDT001124961_1_prokka.csv,2845,2905,5,54,1.0
,PDT001141067_1_prokka.csv,5160,5241,4,76,1.0
,PDT000753993_1_prokka.csv,6182,6243,3,57,1.0
,PDT000704534_1_prokka.csv,2571,2632,3,57,1.0
,PDT001546365_1_prokka.csv,2507,2556,4,44,1.0
,PDT001565464_1_prokka.csv,2672,2736,6,57,1.0
,PDT000703844_1_prokka.csv,2682,2747,3,61,1.0
,PDT000178167_2_prokka.csv,2751,2788,7,29,1.0
,PDT000875872_1_prokka.csv,5055,5130,7,67,1.0
,PDT002247432_1_prokka.csv,3592,3659,3,63,1.0
,PDT001967544_1_prokka.csv,2758,2828,6,63,1.0
,PDT001310047_1_prokka.csv,3975,4068,18,74,1.0
,PDT002125176_1_prokka.csv,3509,3566,3,53,1.0
,PDT001967477_1_prokka.csv,2907,2978,6,64,1.0
,PDT001998502_1_prokka.csv,2763,2827,4,59,1.0
,PDT002064834_1_prokka.csv,3777,3844,3,63,1.0
,PDT001682405_1_prokka.csv,5902,5974,3,68,1.0
,PDT000902262_1_prokka.csv,2741,2788,3,43,1.0
,PDT000400247_1_prokka.csv,5791,5866,6,68,1.0
,PDT002239542_1_prokka.csv,3599,3667,3,64,1.0
,PDT000923298_1_prokka.csv,6340,6414,3,70,1.0
,PDT002345931_1_prokka.csv,3784,3853,5,63,1.0
,PDT002107462_1_prokka.csv,4007,4070,3,59,1.0
,PDT001087754_1_prokka.csv,6045,6117,3,68,1.0
,PDT001163130_1_prokka.csv,2897,2961,7,56,1.0
,PDT000865863_1_prokka.csv,2816,2874,4,53,1.0
,PDT002187348_1_prokka.csv,3651,3715,3,60,1.0
,PDT001994348_1_prokka.csv,5990,6063,4,68,1.0
,PDT002181262_1_prokka.csv,6381,6454,5,67,1.0
,PDT000141118_1_prokka.csv,3646,3715,6,62,1.0
,PDT001411144_1_prokka.csv,5297,5380,8,74,1.0
,PDT001913860_1_prokka.csv,2474,2537,4,58,1.0
,PDT000167137_1_prokka.csv,6747,6841,15,78,1.0
,PDT002055299_1_prokka.csv,5711,5778,3,63,1.0
,PDT001100909_1_prokka.csv,5006,5084,6,71,1.0
,PDT000844026_1_prokka.csv,2539,2610,9,61,1.0
,PDT001959144_1_prokka.csv,5256,5335,3,75,1.0
,PDT001642816_1_prokka.csv,2503,2562,4,54,1.0
,PDT001615323_1_prokka.csv,5389,5470,10,70,1.0
,PDT001957027_1_prokka.csv,3863,3932,3,65,1.0
,PDT001994498_1_prokka.csv,6427,6495,2,65,1.0
,PDT001165171_1_prokka.csv,2553,2614,2,58,1.0
,PDT000411713_1_prokka.csv,5686,5760,6,67,1.0
,PDT000753998_1_prokka.csv,6292,6364,3,68,1.0
,PDT000685913_1_prokka.csv,3740,3787,3,43,1.0
,PDT001256778_1_prokka.csv,2494,2575,19,61,1.0
,PDT001501303_1_prokka.csv,2554,2615,4,56,1.0
,PDT001346578_1_prokka.csv,5754,5823,4,64,1.0
,PDT001949428_1_prokka.csv,2484,2549,4,60,1.0
,PDT001902699_1_prokka.csv,4832,4917,7,77,1.0
,PDT000092772_1_prokka.csv,3729,3814,6,78,1.0
,PDT000526475_1_prokka.csv,3841,3916,9,65,1.0
,PDT001213742_1_prokka.csv,3021,3077,3,52,1.0
,PDT001176307_1_prokka.csv,2593,2647,3,50,1.0
,PDT000863573_2_prokka.csv,3790,3882,18,73,1.0
,PDT001523544_1_prokka.csv,2490,2556,5,60,1.0
,PDT001462446_1_prokka.csv,4937,5024,8,78,1.0
,PDT001603028_1_prokka.csv,3904,3972,3,64,1.0
,PDT001163028_1_prokka.csv,2903,2964,5,55,1.0
,PDT000685554_1_prokka.csv,4772,4855,7,75,1.0
,PDT001113463_1_prokka.csv,6128,6204,5,70,1.0
,PDT001502869_1_prokka.csv,3559,3628,6,62,1.0
,PDT000741963_1_prokka.csv,2821,2882,3,57,1.0
,PDT001595961_1_prokka.csv,2603,2667,6,57,1.0
,PDT000929414_1_prokka.csv,2816,2885,7,61,1.0
,PDT000438512_1_prokka.csv,4895,4952,3,53,1.0
,PDT001737467_1_prokka.csv,5478,5565,9,77,1.0
,PDT000916485_1_prokka.csv,2515,2581,8,57,1.0
,PDT002055227_1_prokka.csv,5845,5917,5,66,1.0
,PDT002098561_1_prokka.csv,3608,3675,3,63,1.0
,PDT000715062_1_prokka.csv,5090,5174,6,77,1.0
,PDT000046673_3_prokka.csv,3994,4053,4,54,1.0
,PDT001820084_1_prokka.csv,3571,3637,3,62,1.0
,PDT000518712_1_prokka.csv,5375,5465,9,80,1.0
,PDT000822774_1_prokka.csv,5034,5112,4,73,1.0
,PDT001994121_1_prokka.csv,5756,5825,2,66,1.0
,PDT000083861_2_prokka.csv,2673,2728,3,51,1.0
,PDT001585628_1_prokka.csv,5249,5335,8,77,1.0
,PDT001993938_1_prokka.csv,6401,6470,5,63,1.0
,PDT001949515_1_prokka.csv,2486,2552,4,61,1.0
,PDT001594056_1_prokka.csv,2603,2657,3,50,1.0
,PDT000432653_1_prokka.csv,3642,3710,3,64,1.0
,PDT001229573_3_prokka.csv,3660,3725,3,61,1.0
,PDT000537646_1_prokka.csv,5082,5166,6,77,1.0
,PDT000874698_1_prokka.csv,5299,5358,7,51,1.0
,PDT002086242_1_prokka.csv,5188,5268,3,76,1.0
,PDT000114702_2_prokka.csv,3641,3695,5,48,1.0
,PDT001565747_1_prokka.csv,2536,2598,4,57,1.0
,PDT001967457_1_prokka.csv,2803,2865,3,58,1.0
,PDT001210196_1_prokka.csv,6240,6309,2,66,1.0
,PDT000096268_1_prokka.csv,5891,5965,6,67,1.0
,PDT002247266_1_prokka.csv,3750,3821,6,64,1.0
,PDT002023150_1_prokka.csv,5931,5999,3,64,1.0
,PDT001344432_1_prokka.csv,5984,6056,3,68,1.0
,PDT001337217_1_prokka.csv,6099,6172,7,65,1.0
,PDT001682493_1_prokka.csv,6474,6545,3,67,1.0
,PDT000976461_1_prokka.csv,2745,2804,4,54,1.0
,PDT000715738_1_prokka.csv,5305,5377,3,68,1.0
,PDT000500160_2_prokka.csv,2899,2964,8,56,1.0
,PDT000418758_1_prokka.csv,3650,3720,6,63,1.0
,PDT002041915_1_prokka.csv,4983,5074,9,81,1.0
,PDT001087517_1_prokka.csv,6105,6173,3,64,1.0
,PDT002086794_1_prokka.csv,6251,6321,3,66,1.0
,PDT000871171_1_prokka.csv,2551,2615,5,58,1.0
,PDT002239514_1_prokka.csv,3800,3869,4,64,1.0
,PDT001877379_1_prokka.csv,5871,5942,3,67,1.0
,PDT001259885_1_prokka.csv,5137,5223,9,76,1.0
,PDT001388307_1_prokka.csv,5895,5966,3,67,1.0
,PDT001686990_1_prokka.csv,2588,2649,4,56,1.0
,PDT002042279_1_prokka.csv,5053,5147,14,79,1.0
,PDT002369452_1_prokka.csv,4991,5103,25,86,1.0
,PDT000715088_1_prokka.csv,5316,5400,7,76,1.0
,PDT000863679_1_prokka.csv,3603,3670,3,63,1.0
,PDT000570944_1_prokka.csv,5932,6017,12,72,1.0
,PDT001538212_1_prokka.csv,2603,2661,5,52,1.0
,PDT002088925_1_prokka.csv,5782,5855,3,69,1.0
,PDT001578079_1_prokka.csv,2639,2699,1,58,1.0
,PDT000763973_1_prokka.csv,2419,2488,7,61,1.0
,PDT001730371_1_prokka.csv,5963,6035,3,68,1.0
,PDT000871271_1_prokka.csv,5474,5533,4,54,1.0
,PDT001091932_1_prokka.csv,5194,5277,7,75,1.0
,PDT000667019_2_prokka.csv,2532,2605,11,61,1.0
,PDT001540825_1_prokka.csv,2569,2633,5,58,1.0
,PDT001339033_1_prokka.csv,5806,5875,2,66,1.0
,PDT000442278_1_prokka.csv,5309,5382,4,68,1.0
,PDT000370622_1_prokka.csv,4917,5006,9,79,1.0
,PDT001514468_1_prokka.csv,2833,2901,7,60,1.0
,PDT001286425_1_prokka.csv,6427,6499,2,69,1.0
,PDT001961674_1_prokka.csv,2514,2578,5,58,1.0
,PDT001739914_2_prokka.csv,3580,3647,4,62,1.0
,PDT001046505_1_prokka.csv,3322,3371,3,45,1.0
,PDT001385734_1_prokka.csv,2575,2626,4,46,1.0
,PDT000976606_1_prokka.csv,2815,2876,3,57,1.0
,PDT002130438_1_prokka.csv,3728,3792,2,61,1.0
,PDT000424109_1_prokka.csv,3747,3811,3,60,1.0
,PDT001213588_1_prokka.csv,2732,2793,3,57,1.0
,PDT000945322_2_prokka.csv,3930,3998,3,64,1.0
,PDT002383425_1_prokka.csv,2605,2647,3,38,1.0
,PDT000729692_1_prokka.csv,2872,2930,3,54,1.0
,PDT001162896_1_prokka.csv,2765,2819,2,51,1.0
,PDT001087692_1_prokka.csv,5707,5779,5,66,1.0
,PDT000534377_1_prokka.csv,3705,3757,3,48,1.0
,PDT000694246_1_prokka.csv,2606,2654,4,43,1.0
,PDT002030216_1_prokka.csv,6337,6409,2,69,1.0
,PDT002273832_1_prokka.csv,6188,6274,12,73,1.0
,PDT001496543_3_prokka.csv,6607,6680,5,67,1.0
,PDT001984362_1_prokka.csv,2613,2676,4,58,1.0
,PDT002029120_1_prokka.csv,4978,5058,4,75,1.0
,PDT001091672_1_prokka.csv,5185,5273,8,79,1.0
,PDT000751304_1_prokka.csv,3641,3670,2,26,1.0
,PDT001292513_1_prokka.csv,3772,3842,3,66,1.0
,PDT000648435_2_prokka.csv,2506,2563,5,51,1.0
,PDT001981635_1_prokka.csv,5332,5420,5,82,1.0
,PDT001201710_1_prokka.csv,5398,5481,3,79,1.0
,PDT001690668_1_prokka.csv,3861,3928,3,63,1.0
,PDT001500806_1_prokka.csv,2908,2978,5,64,1.0
,PDT001231626_1_prokka.csv,2602,2652,4,45,1.0
,PDT000045327_1_prokka.csv,6540,6614,3,70,1.0
,PDT002313703_1_prokka.csv,2682,2752,7,62,1.0
,PDT000913044_1_prokka.csv,2857,2929,7,64,1.0
