{
"apiVersion": "V2",
"assemblies": [
{
  "files": [
    {
      "filePath": "data_summary.tsv",
      "fileType": "DATA_TABLE",
      "uncompressedLengthBytes": "3847"
    },
    {
      "filePath": "assembly_data_report.jsonl",
      "fileType": "DATA_REPORT",
      "uncompressedLengthBytes": "68697"
    }
  ]
},{
  "accession": "GCA_000393975.1",
  "files": [
    {
      "filePath": "GCA_000393975.1/GCA_000393975.1_Ente_pall_BAA-351_V1_genomic.fna",
      "fileType": "GENOMIC_NUCLEOTIDE_FASTA",
      "uncompressedLengthBytes": "5560841"
    }
  ]
},{
  "accession": "GCA_000394035.1",
  "files": [
    {
      "filePath": "GCA_000394035.1/GCA_000394035.1_Ente_phoe_BAA-412_V1_genomic.fna",
      "fileType": "GENOMIC_NUCLEOTIDE_FASTA",
      "uncompressedLengthBytes": "3981512"
    }
  ]
},{
  "accession": "GCA_000407205.1",
  "files": [
    {
      "filePath": "GCA_000407205.1/GCA_000407205.1_Ente_vill_ATCC700913_V2_genomic.fna",
      "fileType": "GENOMIC_NUCLEOTIDE_FASTA",
      "uncompressedLengthBytes": "3099436"
    }
  ]
},{
  "accession": "GCA_000407225.1",
  "files": [
    {
      "filePath": "GCA_000407225.1/GCA_000407225.1_Ente_colu_ATCC51263_V2_genomic.fna",
      "fileType": "GENOMIC_NUCLEOTIDE_FASTA",
      "uncompressedLengthBytes": "2578024"
    }
  ]
},{
  "accession": "GCA_000407605.1",
  "files": [
    {
      "filePath": "GCA_000407605.1/GCA_000407605.1_Ente_sulf_ATCC49903_V2_genomic.fna",
      "fileType": "GENOMIC_NUCLEOTIDE_FASTA",
      "uncompressedLengthBytes": "2331226"
    }
  ]
},{
  "accession": "GCF_000393975.1",
  "files": [
    {
      "filePath": "GCF_000393975.1/GCF_000393975.1_Ente_pall_BAA-351_V1_genomic.fna",
      "fileType": "GENOMIC_NUCLEOTIDE_FASTA",
      "uncompressedLengthBytes": "5560645"
    }
  ]
},{
  "accession": "GCF_000394035.1",
  "files": [
    {
      "filePath": "GCF_000394035.1/GCF_000394035.1_Ente_phoe_BAA-412_V1_genomic.fna",
      "fileType": "GENOMIC_NUCLEOTIDE_FASTA",
      "uncompressedLengthBytes": "3981386"
    }
  ]
},{
  "accession": "GCF_000407205.1",
  "files": [
    {
      "filePath": "GCF_000407205.1/GCF_000407205.1_Ente_vill_ATCC700913_V2_genomic.fna",
      "fileType": "GENOMIC_NUCLEOTIDE_FASTA",
      "uncompressedLengthBytes": "3099380"
    }
  ]
},{
  "accession": "GCF_000407225.1",
  "files": [
    {
      "filePath": "GCF_000407225.1/GCF_000407225.1_Ente_colu_ATCC51263_V2_genomic.fna",
      "fileType": "GENOMIC_NUCLEOTIDE_FASTA",
      "uncompressedLengthBytes": "2577898"
    }
  ]
},{
  "accession": "GCF_000407605.1",
  "files": [
    {
      "filePath": "GCF_000407605.1/GCF_000407605.1_Ente_sulf_ATCC49903_V2_genomic.fna",
      "fileType": "GENOMIC_NUCLEOTIDE_FASTA",
      "uncompressedLengthBytes": "2331250"
    }
  ]
},{
  "accession": "GCA_000406945.1",
  "files": [
    {
      "filePath": "GCA_000406945.1/GCA_000406945.1_Ente_disp_ATCC51266_V1_genomic.fna",
      "fileType": "GENOMIC_NUCLEOTIDE_FASTA",
      "uncompressedLengthBytes": "2857838"
    }
  ]
},{
  "accession": "GCA_001544295.1",
  "files": [
    {
      "filePath": "GCA_001544295.1/GCA_001544295.1_ASM154429v1_genomic.fna",
      "fileType": "GENOMIC_NUCLEOTIDE_FASTA",
      "uncompressedLengthBytes": "2772780"
    }
  ]
},{
  "accession": "GCA_001730295.1",
  "files": [
    {
      "filePath": "GCA_001730295.1/GCA_001730295.1_ASM173029v1_genomic.fna",
      "fileType": "GENOMIC_NUCLEOTIDE_FASTA",
      "uncompressedLengthBytes": "3179112"
    }
  ]
},{
  "accession": "GCA_001886195.1",
  "files": [
    {
      "filePath": "GCA_001886195.1/GCA_001886195.1_ASM188619v1_genomic.fna",
      "fileType": "GENOMIC_NUCLEOTIDE_FASTA",
      "uncompressedLengthBytes": "2524091"
    }
  ]
},{
  "accession": "GCF_000406945.1",
  "files": [
    {
      "filePath": "GCF_000406945.1/GCF_000406945.1_Ente_disp_ATCC51266_V1_genomic.fna",
      "fileType": "GENOMIC_NUCLEOTIDE_FASTA",
      "uncompressedLengthBytes": "2857796"
    }
  ]
},{
  "accession": "GCF_001544295.1",
  "files": [
    {
      "filePath": "GCF_001544295.1/GCF_001544295.1_ASM154429v1_genomic.fna",
      "fileType": "GENOMIC_NUCLEOTIDE_FASTA",
      "uncompressedLengthBytes": "2771187"
    }
  ]
},{
  "accession": "GCF_001730295.1",
  "files": [
    {
      "filePath": "GCF_001730295.1/GCF_001730295.1_ASM173029v1_genomic.fna",
      "fileType": "GENOMIC_NUCLEOTIDE_FASTA",
      "uncompressedLengthBytes": "3179262"
    }
  ]
},{
  "accession": "GCF_001886195.1",
  "files": [
    {
      "filePath": "GCF_001886195.1/GCF_001886195.1_ASM188619v1_genomic.fna",
      "fileType": "GENOMIC_NUCLEOTIDE_FASTA",
      "uncompressedLengthBytes": "2524325"
    }
  ]
}]}
