Organism Scientific Name	Organism Common Name	Organism Qualifier	Taxonomy id	Assembly Name	Assembly Accession	Source	Annotation	Level	Contig N50	Size	Submission Date	Gene Count	BioProject	BioSample
Enterococcus pallens ATCC BAA-351		strain: ATCC BAA-351	1158607	Ente_pall_BAA-351_V1	GCA_000393975.1	GenBank	Annotation submitted by Broad Institute	Scaffold	358943	5490614	2013-05-15	5317	PRJNA88851	SAMN00809116
Enterococcus phoeniculicola ATCC BAA-412		strain: ATCC BAA-412	1158610	Ente_phoe_BAA-412_V1	GCA_000394035.1	GenBank	Annotation submitted by Broad Institute	Scaffold	291579	3931286	2013-05-15	3587	PRJNA88857	SAMN00809120
Enterococcus dispar ATCC 51266		strain: ATCC 51266	1139219	Ente_disp_ATCC51266_V1	GCA_000406945.1	GenBank	Annotation submitted by Broad Institute	Scaffold	277374	2822228	2013-06-04	2716	PRJNA82531	SAMN02596962
Enterococcus villorum ATCC 700913		strain: ATCC 700913	1158604	Ente_vill_ATCC700913_V2	GCA_000407205.1	GenBank	Annotation submitted by Broad Institute	Scaffold	844450	3060724	2013-06-04	2899	PRJNA191912	SAMN02596958
Enterococcus columbae DSM 7374 = ATCC 51263		strain: ATCC 51263	1121865	Ente_colu_ATCC51263_V2	GCA_000407225.1	GenBank	Annotation submitted by Broad Institute	Scaffold	235166	2545099	2013-06-04	2375	PRJNA191886	SAMN02596961
Enterococcus sulfureus ATCC 49903		strain: ATCC 49903	1140003	Ente_sulf_ATCC49903_V2	GCA_000407605.1	GenBank	Annotation submitted by Broad Institute	Contig	733717	2301651	2013-05-31	2259	PRJNA191891	SAMN02596964
Enterococcus pseudoavium NBRC 100491		strain: NBRC 100491	1218092	ASM154429v1	GCA_001544295.1	GenBank		Contig	94231	2731874	2016-01-28		PRJDB265	SAMD00045731
Enterococcus plantarum		strain: LMG 26214	1077675	ASM173029v1	GCA_001730295.1	GenBank	NCBI Prokaryotic Genome Annotation Pipeline (PGAP)	Contig	162885	3135404	2016-09-16	2949	PRJNA330680	SAMN05420586
Enterococcus ratti		strain: DSM 15687	150033	ASM188619v1	GCA_001886195.1	GenBank	Annotation submitted by Inner Mongolia Agricultural University	Contig	118830	2485659	2016-11-25	2411	PRJNA270385	SAMN03267184
Enterococcus pallens ATCC BAA-351		strain: ATCC BAA-351	1158607	Ente_pall_BAA-351_V1	GCF_000393975.1	RefSeq	GCF_000393975.1-RS_2024_05_02	Scaffold	358943	5490614	2013-05-15	5319	PRJNA88851	SAMN00809116
Enterococcus phoeniculicola ATCC BAA-412		strain: ATCC BAA-412	1158610	Ente_phoe_BAA-412_V1	GCF_000394035.1	RefSeq	GCF_000394035.1-RS_2024_05_02	Scaffold	291579	3931286	2013-05-15	3572	PRJNA88857	SAMN00809120
Enterococcus dispar ATCC 51266		strain: ATCC 51266	1139219	Ente_disp_ATCC51266_V1	GCF_000406945.1	RefSeq	GCF_000406945.1-RS_2024_03_28	Scaffold	277374	2822228	2013-06-04	2716	PRJNA82531	SAMN02596962
Enterococcus villorum ATCC 700913		strain: ATCC 700913	1158604	Ente_vill_ATCC700913_V2	GCF_000407205.1	RefSeq	GCF_000407205.1-RS_2024_03_29	Scaffold	844450	3060724	2013-06-04	2874	PRJNA191912	SAMN02596958
Enterococcus columbae DSM 7374 = ATCC 51263		strain: ATCC 51263	1121865	Ente_colu_ATCC51263_V2	GCF_000407225.1	RefSeq	GCF_000407225.1-RS_2024_05_02	Scaffold	235166	2545099	2013-06-04	2380	PRJNA191886	SAMN02596961
Enterococcus sulfureus ATCC 49903		strain: ATCC 49903	1140003	Ente_sulf_ATCC49903_V2	GCF_000407605.1	RefSeq	GCF_000407605.1-RS_2024_05_02	Contig	733717	2301651	2013-05-31	2267	PRJNA191891	SAMN02596964
Enterococcus pseudoavium NBRC 100491		strain: NBRC 100491	1218092	ASM154429v1	GCF_001544295.1	RefSeq	GCF_001544295.1-RS_2024_08_08	Contig	94231	2731874	2016-01-28	2678	PRJDB265	SAMD00045731
Enterococcus plantarum		strain: LMG 26214	1077675	ASM173029v1	GCF_001730295.1	RefSeq	GCF_001730295.1-RS_2024_03_28	Contig	162885	3135404	2016-09-16	3013	PRJNA330680	SAMN05420586
Enterococcus ratti		strain: DSM 15687	150033	ASM188619v1	GCF_001886195.1	RefSeq	GCF_001886195.1-RS_2024_05_03	Contig	118830	2485659	2016-11-25	2371	PRJNA270385	SAMN03267184
