Organism Scientific Name	Organism Common Name	Organism Qualifier	Taxonomy id	Assembly Name	Assembly Accession	Source	Annotation	Level	Contig N50	Size	Submission Date	Gene Count	BioProject	BioSample
Enterobacter soli		strain: LF7a	885040	ASM22467v1	GCA_000224675.1	GenBank	Annotation submitted by DOE Joint Genome Institute	Complete Genome	4812833	5012132	2011-08-30	4805	PRJNA41509	SAMN02232020
Enterobacter asburiae		strain: 17Nkhm-UP2	61645	ASM703580v1	GCA_007035805.1	GenBank	Annotation submitted by Laboratory of Bacterial Genomics, Pathogen Genomics Center, National Institute of Infectious Diseases	Complete Genome	4643312	4768325	2019-05-14	4523	PRJDB8163	SAMD00166968
Enterobacter sichuanensis		strain: SGAir0282	2071710	ASM903624v1	GCA_009036245.1	GenBank	NCBI Prokaryotic Genome Annotation Pipeline (PGAP)	Complete Genome	4711389	4711389	2019-10-16	4611	PRJNA388547	SAMN08222714
Enterobacter mori		strain: ACYC.E9L	539813	ASM2201471v1	GCA_022014715.1	GenBank	NCBI Prokaryotic Genome Annotation Pipeline (PGAP)	Complete Genome	4740236	4844012	2022-02-06	4595	PRJNA801791	SAMN25390741
Enterobacter kobei		strain: 11778-yvys	208224	ASM2302312v1	GCA_023023125.1	GenBank	NCBI Prokaryotic Genome Annotation Pipeline (PGAP)	Complete Genome	4650094	4780485	2022-04-18	4575	PRJNA762162	SAMN21379554
Enterobacter pseudoroggenkampii		strain: FY158	2996112	ASM3040616v1	GCA_030406165.1	GenBank	NCBI Prokaryotic Genome Annotation Pipeline (PGAP)	Complete Genome	4730290	4730290	2023-07-04	4547	PRJNA987424	SAMN35981009
Enterobacter wuhouensis		strain: AV1	2529381	ASM3583599v1	GCA_035835995.1	GenBank	NCBI Prokaryotic Genome Annotation Pipeline (PGAP)	Complete Genome	4821649	4821649	2024-01-18	4594	PRJNA1062907	SAMN39325020
Enterobacter chuandaensis		strain: E20191216	2497875	ASM3971897v1	GCA_039718975.1	GenBank	NCBI Prokaryotic Genome Annotation Pipeline (PGAP)	Complete Genome	4664824	4919140	2024-05-21	4727	PRJNA827035	SAMN27594634
Enterobacter vonholyi		strain: STK80-C	2797505	ASM4083409v1	GCA_040834095.1	GenBank	NCBI Prokaryotic Genome Annotation Pipeline (PGAP)	Complete Genome	4464072	4468255	2024-07-24	4202	PRJNA1134078	SAMN42392507
Enterobacter soli		strain: LF7a	885040	ASM22467v1	GCF_000224675.1	RefSeq	GCF_000224675.1-RS_2024_05_01	Complete Genome	4812833	5012132	2011-08-30	4796	PRJNA41509	SAMN02232020
Enterobacter asburiae		strain: 17Nkhm-UP2	61645	ASM703580v1	GCF_007035805.1	RefSeq	NCBI Prokaryotic Genome Annotation Pipeline (PGAP)	Complete Genome	4643312	4768325	2019-05-14	4560	PRJDB8163	SAMD00166968
Enterobacter sichuanensis		strain: SGAir0282	2071710	ASM903624v1	GCF_009036245.1	RefSeq	GCF_009036245.1-RS_2024_03_28	Complete Genome	4711389	4711389	2019-10-16	4507	PRJNA388547	SAMN08222714
Enterobacter mori		strain: ACYC.E9L	539813	ASM2201471v1	GCF_022014715.1	RefSeq	GCF_022014715.1-RS_2024_05_29	Complete Genome	4740236	4844012	2022-02-06	4595	PRJNA801791	SAMN25390741
Enterobacter kobei		strain: 11778-yvys	208224	ASM2302312v1	GCF_023023125.1	RefSeq	GCF_023023125.1-RS_2024_03_29	Complete Genome	4650094	4780485	2022-04-18	4572	PRJNA762162	SAMN21379554
Enterobacter pseudoroggenkampii		strain: FY158	2996112	ASM3040616v1	GCF_030406165.1	RefSeq	GCF_030406165.1-RS_2024_07_06	Complete Genome	4730290	4730290	2023-07-04	4551	PRJNA987424	SAMN35981009
Enterobacter wuhouensis		strain: AV1	2529381	ASM3583599v1	GCF_035835995.1	RefSeq	NCBI Prokaryotic Genome Annotation Pipeline (PGAP)	Complete Genome	4821649	4821649	2024-01-18	4594	PRJNA1062907	SAMN39325020
Enterobacter chuandaensis		strain: E20191216	2497875	ASM3971897v1	GCF_039718975.1	RefSeq	GCF_039718975.1-RS_2024_05_21	Complete Genome	4664824	4919140	2024-05-23	4730	PRJNA827035	SAMN27594634
Enterobacter vonholyi		strain: STK80-C	2797505	ASM4083409v1	GCF_040834095.1	RefSeq	GCF_040834095.1-RS_2024_07_25	Complete Genome	4464072	4468255	2024-07-25	4202	PRJNA1134078	SAMN42392507
