{
"apiVersion": "V2",
"assemblies": [
{
  "files": [
    {
      "filePath": "data_summary.tsv",
      "fileType": "DATA_TABLE",
      "uncompressedLengthBytes": "3882"
    },
    {
      "filePath": "assembly_data_report.jsonl",
      "fileType": "DATA_REPORT",
      "uncompressedLengthBytes": "69590"
    }
  ]
},{
  "accession": "GCA_000224675.1",
  "files": [
    {
      "filePath": "GCA_000224675.1/GCA_000224675.1_ASM22467v1_genomic.fna",
      "fileType": "GENOMIC_NUCLEOTIDE_FASTA",
      "uncompressedLengthBytes": "5075001"
    }
  ]
},{
  "accession": "GCA_007035805.1",
  "files": [
    {
      "filePath": "GCA_007035805.1/GCA_007035805.1_ASM703580v1_genomic.fna",
      "fileType": "GENOMIC_NUCLEOTIDE_FASTA",
      "uncompressedLengthBytes": "4828087"
    }
  ]
},{
  "accession": "GCA_022014715.1",
  "files": [
    {
      "filePath": "GCA_022014715.1/GCA_022014715.1_ASM2201471v1_genomic.fna",
      "fileType": "GENOMIC_NUCLEOTIDE_FASTA",
      "uncompressedLengthBytes": "4904720"
    }
  ]
},{
  "accession": "GCA_023023125.1",
  "files": [
    {
      "filePath": "GCA_023023125.1/GCA_023023125.1_ASM2302312v1_genomic.fna",
      "fileType": "GENOMIC_NUCLEOTIDE_FASTA",
      "uncompressedLengthBytes": "4840404"
    }
  ]
},{
  "accession": "GCA_039718975.1",
  "files": [
    {
      "filePath": "GCA_039718975.1/GCA_039718975.1_ASM3971897v1_genomic.fna",
      "fileType": "GENOMIC_NUCLEOTIDE_FASTA",
      "uncompressedLengthBytes": "4980806"
    }
  ]
},{
  "accession": "GCF_000224675.1",
  "files": [
    {
      "filePath": "GCF_000224675.1/GCF_000224675.1_ASM22467v1_genomic.fna",
      "fileType": "GENOMIC_NUCLEOTIDE_FASTA",
      "uncompressedLengthBytes": "5074970"
    }
  ]
},{
  "accession": "GCF_007035805.1",
  "files": [
    {
      "filePath": "GCF_007035805.1/GCF_007035805.1_ASM703580v1_genomic.fna",
      "fileType": "GENOMIC_NUCLEOTIDE_FASTA",
      "uncompressedLengthBytes": "4828112"
    }
  ]
},{
  "accession": "GCF_022014715.1",
  "files": [
    {
      "filePath": "GCF_022014715.1/GCF_022014715.1_ASM2201471v1_genomic.fna",
      "fileType": "GENOMIC_NUCLEOTIDE_FASTA",
      "uncompressedLengthBytes": "4904726"
    }
  ]
},{
  "accession": "GCF_023023125.1",
  "files": [
    {
      "filePath": "GCF_023023125.1/GCF_023023125.1_ASM2302312v1_genomic.fna",
      "fileType": "GENOMIC_NUCLEOTIDE_FASTA",
      "uncompressedLengthBytes": "4840410"
    }
  ]
},{
  "accession": "GCF_039718975.1",
  "files": [
    {
      "filePath": "GCF_039718975.1/GCF_039718975.1_ASM3971897v1_genomic.fna",
      "fileType": "GENOMIC_NUCLEOTIDE_FASTA",
      "uncompressedLengthBytes": "4980812"
    }
  ]
},{
  "accession": "GCA_009036245.1",
  "files": [
    {
      "filePath": "GCA_009036245.1/GCA_009036245.1_ASM903624v1_genomic.fna",
      "fileType": "GENOMIC_NUCLEOTIDE_FASTA",
      "uncompressedLengthBytes": "4770365"
    }
  ]
},{
  "accession": "GCA_030406165.1",
  "files": [
    {
      "filePath": "GCA_030406165.1/GCA_030406165.1_ASM3040616v1_genomic.fna",
      "fileType": "GENOMIC_NUCLEOTIDE_FASTA",
      "uncompressedLengthBytes": "4789504"
    }
  ]
},{
  "accession": "GCA_035835995.1",
  "files": [
    {
      "filePath": "GCA_035835995.1/GCA_035835995.1_ASM3583599v1_genomic.fna",
      "fileType": "GENOMIC_NUCLEOTIDE_FASTA",
      "uncompressedLengthBytes": "4881995"
    }
  ]
},{
  "accession": "GCA_040834095.1",
  "files": [
    {
      "filePath": "GCA_040834095.1/GCA_040834095.1_ASM4083409v1_genomic.fna",
      "fileType": "GENOMIC_NUCLEOTIDE_FASTA",
      "uncompressedLengthBytes": "4524273"
    }
  ]
},{
  "accession": "GCF_009036245.1",
  "files": [
    {
      "filePath": "GCF_009036245.1/GCF_009036245.1_ASM903624v1_genomic.fna",
      "fileType": "GENOMIC_NUCLEOTIDE_FASTA",
      "uncompressedLengthBytes": "4770368"
    }
  ]
},{
  "accession": "GCF_030406165.1",
  "files": [
    {
      "filePath": "GCF_030406165.1/GCF_030406165.1_ASM3040616v1_genomic.fna",
      "fileType": "GENOMIC_NUCLEOTIDE_FASTA",
      "uncompressedLengthBytes": "4789507"
    }
  ]
},{
  "accession": "GCF_035835995.1",
  "files": [
    {
      "filePath": "GCF_035835995.1/GCF_035835995.1_ASM3583599v1_genomic.fna",
      "fileType": "GENOMIC_NUCLEOTIDE_FASTA",
      "uncompressedLengthBytes": "4881998"
    }
  ]
},{
  "accession": "GCF_040834095.1",
  "files": [
    {
      "filePath": "GCF_040834095.1/GCF_040834095.1_ASM4083409v1_genomic.fna",
      "fileType": "GENOMIC_NUCLEOTIDE_FASTA",
      "uncompressedLengthBytes": "4524279"
    }
  ]
}]}
