{
"apiVersion": "V2",
"assemblies": [
{
  "files": [
    {
      "filePath": "data_summary.tsv",
      "fileType": "DATA_TABLE",
      "uncompressedLengthBytes": "3726"
    },
    {
      "filePath": "assembly_data_report.jsonl",
      "fileType": "DATA_REPORT",
      "uncompressedLengthBytes": "70160"
    }
  ]
},{
  "accession": "GCA_000393995.1",
  "files": [
    {
      "filePath": "GCA_000393995.1/GCA_000393995.1_Ente_haem_BAA-382_V1_genomic.fna",
      "fileType": "GENOMIC_NUCLEOTIDE_FASTA",
      "uncompressedLengthBytes": "3626039"
    }
  ]
},{
  "accession": "GCA_000394015.1",
  "files": [
    {
      "filePath": "GCA_000394015.1/GCA_000394015.1_Ente_mora_BAA-383_V1_genomic.fna",
      "fileType": "GENOMIC_NUCLEOTIDE_FASTA",
      "uncompressedLengthBytes": "3647568"
    }
  ]
},{
  "accession": "GCA_000394055.1",
  "files": [
    {
      "filePath": "GCA_000394055.1/GCA_000394055.1_Ente_cocc_BAA-1240_V1_genomic.fna",
      "fileType": "GENOMIC_NUCLEOTIDE_FASTA",
      "uncompressedLengthBytes": "3604537"
    }
  ]
},{
  "accession": "GCA_000407365.1",
  "files": [
    {
      "filePath": "GCA_000407365.1/GCA_000407365.1_Ente_asin_ATCC700915_V2_genomic.fna",
      "fileType": "GENOMIC_NUCLEOTIDE_FASTA",
      "uncompressedLengthBytes": "2605060"
    }
  ]
},{
  "accession": "GCA_900604485.1",
  "files": [
    {
      "filePath": "GCA_900604485.1/GCA_900604485.1_PRJEB28790_genomic.fna",
      "fileType": "GENOMIC_NUCLEOTIDE_FASTA",
      "uncompressedLengthBytes": "2733283"
    }
  ]
},{
  "accession": "GCF_000393995.1",
  "files": [
    {
      "filePath": "GCF_000393995.1/GCF_000393995.1_Ente_haem_BAA-382_V1_genomic.fna",
      "fileType": "GENOMIC_NUCLEOTIDE_FASTA",
      "uncompressedLengthBytes": "3625997"
    }
  ]
},{
  "accession": "GCF_000394015.1",
  "files": [
    {
      "filePath": "GCF_000394015.1/GCF_000394015.1_Ente_mora_BAA-383_V1_genomic.fna",
      "fileType": "GENOMIC_NUCLEOTIDE_FASTA",
      "uncompressedLengthBytes": "3647484"
    }
  ]
},{
  "accession": "GCF_000394055.1",
  "files": [
    {
      "filePath": "GCF_000394055.1/GCF_000394055.1_Ente_cocc_BAA-1240_V1_genomic.fna",
      "fileType": "GENOMIC_NUCLEOTIDE_FASTA",
      "uncompressedLengthBytes": "3604481"
    }
  ]
},{
  "accession": "GCF_000407365.1",
  "files": [
    {
      "filePath": "GCF_000407365.1/GCF_000407365.1_Ente_asin_ATCC700915_V2_genomic.fna",
      "fileType": "GENOMIC_NUCLEOTIDE_FASTA",
      "uncompressedLengthBytes": "2605066"
    }
  ]
},{
  "accession": "GCF_900604485.1",
  "files": [
    {
      "filePath": "GCF_900604485.1/GCF_900604485.1_PRJEB28790_genomic.fna",
      "fileType": "GENOMIC_NUCLEOTIDE_FASTA",
      "uncompressedLengthBytes": "2733241"
    }
  ]
},{
  "accession": "GCA_001050095.1",
  "files": [
    {
      "filePath": "GCA_001050095.1/GCA_001050095.1_Enterococcus_massiliensis_genomic.fna",
      "fileType": "GENOMIC_NUCLEOTIDE_FASTA",
      "uncompressedLengthBytes": "2747665"
    }
  ]
},{
  "accession": "GCA_001730285.1",
  "files": [
    {
      "filePath": "GCA_001730285.1/GCA_001730285.1_ASM173028v1_genomic.fna",
      "fileType": "GENOMIC_NUCLEOTIDE_FASTA",
      "uncompressedLengthBytes": "3631962"
    }
  ]
},{
  "accession": "GCA_019218635.1",
  "files": [
    {
      "filePath": "GCA_019218635.1/GCA_019218635.1_ASM1921863v1_genomic.fna",
      "fileType": "GENOMIC_NUCLEOTIDE_FASTA",
      "uncompressedLengthBytes": "3783728"
    }
  ]
},{
  "accession": "GCA_900104595.1",
  "files": [
    {
      "filePath": "GCA_900104595.1/GCA_900104595.1_PRJEB16349_genomic.fna",
      "fileType": "GENOMIC_NUCLEOTIDE_FASTA",
      "uncompressedLengthBytes": "2151048"
    }
  ]
},{
  "accession": "GCF_001050095.1",
  "files": [
    {
      "filePath": "GCF_001050095.1/GCF_001050095.1_Enterococcus_massiliensis_genomic.fna",
      "fileType": "GENOMIC_NUCLEOTIDE_FASTA",
      "uncompressedLengthBytes": "2747364"
    }
  ]
},{
  "accession": "GCF_001730285.1",
  "files": [
    {
      "filePath": "GCF_001730285.1/GCF_001730285.1_ASM173028v1_genomic.fna",
      "fileType": "GENOMIC_NUCLEOTIDE_FASTA",
      "uncompressedLengthBytes": "3632019"
    }
  ]
},{
  "accession": "GCF_019218635.1",
  "files": [
    {
      "filePath": "GCF_019218635.1/GCF_019218635.1_ASM1921863v1_genomic.fna",
      "fileType": "GENOMIC_NUCLEOTIDE_FASTA",
      "uncompressedLengthBytes": "3783878"
    }
  ]
},{
  "accession": "GCF_900104595.1",
  "files": [
    {
      "filePath": "GCF_900104595.1/GCF_900104595.1_PRJEB16349_genomic.fna",
      "fileType": "GENOMIC_NUCLEOTIDE_FASTA",
      "uncompressedLengthBytes": "2150876"
    }
  ]
}]}
