Organism Scientific Name	Organism Common Name	Organism Qualifier	Taxonomy id	Assembly Name	Assembly Accession	Source	Annotation	Level	Contig N50	Size	Submission Date	Gene Count	BioProject	BioSample
Enterococcus haemoperoxidus ATCC BAA-382		strain: ATCC BAA-382	1158608	Ente_haem_BAA-382_V1	GCA_000393995.1	GenBank	Annotation submitted by Broad Institute	Scaffold	208343	3580916	2013-05-15	3284	PRJNA88853	SAMN00809117
Enterococcus moraviensis ATCC BAA-383		strain: ATCC BAA-383	1158609	Ente_mora_BAA-383_V1	GCA_000394015.1	GenBank	Annotation submitted by Broad Institute	Scaffold	320362	3601841	2013-05-15	3408	PRJNA88855	SAMN00809118
Enterococcus caccae ATCC BAA-1240		strain: ATCC BAA-1240	1158612	Ente_cocc_BAA-1240_V1	GCA_000394055.1	GenBank	Annotation submitted by Broad Institute	Scaffold	240906	3559587	2013-05-15	3311	PRJNA88859	SAMN00809121
Enterococcus asini ATCC 700915		strain: ATCC 700915	1158606	Ente_asin_ATCC700915_V2	GCA_000407365.1	GenBank	Annotation submitted by Broad Institute	Contig	2038454	2572706	2013-05-31	2512	PRJNA191897	SAMN02596946
Enterococcus massiliensis		strain: AM1	1640685	Enterococcus massiliensis	GCA_001050095.1	GenBank		Contig	503362	2712841	2015-06-30		PRJEB9522	SAMEA3443460
Enterococcus ureasiticus		strain: DSM 23328	903984	ASM173028v1	GCA_001730285.1	GenBank	NCBI Prokaryotic Genome Annotation Pipeline (PGAP)	Contig	508214	3585398	2016-09-16	3309	PRJNA330680	SAMN05420582
Enterococcus alishanensis		strain: ALS3	1303817	ASM1921863v1	GCA_019218635.1	GenBank	NCBI Prokaryotic Genome Annotation Pipeline (PGAP)	Contig	670361	3731072	2021-07-14	3648	PRJNA741548	SAMN19878291
Enterococcus timonensis		strain: Marseille-P2817	1852364	PRJEB16349	GCA_900104595.1	GenBank		Contig	1157085	2123933	2016-10-27		PRJEB16349	SAMEA4519250
Enterococcus mediterraneensis		strain: Marseille-P4358	2364791	PRJEB28790	GCA_900604485.1	GenBank		Contig	2402824	2699190	2018-10-31		PRJEB28790	SAMEA4983427
Enterococcus haemoperoxidus ATCC BAA-382		strain: ATCC BAA-382	1158608	Ente_haem_BAA-382_V1	GCF_000393995.1	RefSeq	GCF_000393995.1-RS_2024_04_26	Scaffold	208343	3580916	2013-05-15	3265	PRJNA88853	SAMN00809117
Enterococcus moraviensis ATCC BAA-383		strain: ATCC BAA-383	1158609	Ente_mora_BAA-383_V1	GCF_000394015.1	RefSeq	GCF_000394015.1-RS_2024_04_26	Scaffold	320362	3601841	2013-05-15	3385	PRJNA88855	SAMN00809118
Enterococcus caccae ATCC BAA-1240		strain: ATCC BAA-1240	1158612	Ente_cocc_BAA-1240_V1	GCF_000394055.1	RefSeq	GCF_000394055.1-RS_2024_05_02	Scaffold	240906	3559587	2013-05-15	3308	PRJNA88859	SAMN00809121
Enterococcus asini ATCC 700915		strain: ATCC 700915	1158606	Ente_asin_ATCC700915_V2	GCF_000407365.1	RefSeq	GCF_000407365.1-RS_2024_03_12	Contig	2038454	2572706	2013-05-31	2506	PRJNA191897	SAMN02596946
Enterococcus massiliensis		strain: AM1	1640685	Enterococcus massiliensis	GCF_001050095.1	RefSeq	NCBI Prokaryotic Genome Annotation Pipeline (PGAP)	Contig	503362	2712841	2015-06-30	2692	PRJEB9522	SAMEA3443460
Enterococcus ureasiticus		strain: DSM 23328	903984	ASM173028v1	GCF_001730285.1	RefSeq	GCF_001730285.1-RS_2024_03_28	Contig	508214	3585398	2016-09-16	3334	PRJNA330680	SAMN05420582
Enterococcus alishanensis		strain: ALS3	1303817	ASM1921863v1	GCF_019218635.1	RefSeq	GCF_019218635.1-RS_2024_05_06	Contig	670361	3731072	2021-07-14	3659	PRJNA741548	SAMN19878291
Enterococcus timonensis		strain: Marseille-P2817T	1852364	PRJEB16349	GCF_900104595.1	RefSeq	NCBI Prokaryotic Genome Annotation Pipeline (PGAP)	Contig	1157085	2123933	2016-10-27	2054	PRJEB16349	SAMEA4519250
Enterococcus mediterraneensis		strain: Marseille-P4358	2364791	PRJEB28790	GCF_900604485.1	RefSeq	GCF_900604485.1-RS_2024_03_31	Contig	2402824	2699190	2018-10-31	2678	PRJEB28790	SAMEA4983427
