{
"apiVersion": "V2",
"assemblies": [
{
  "files": [
    {
      "filePath": "data_summary.tsv",
      "fileType": "DATA_TABLE",
      "uncompressedLengthBytes": "3783"
    },
    {
      "filePath": "assembly_data_report.jsonl",
      "fileType": "DATA_REPORT",
      "uncompressedLengthBytes": "64537"
    }
  ]
},{
  "accession": "GCA_002197645.1",
  "files": [
    {
      "filePath": "GCA_002197645.1/GCA_002197645.1_ASM219764v1_genomic.fna",
      "fileType": "GENOMIC_NUCLEOTIDE_FASTA",
      "uncompressedLengthBytes": "4208327"
    }
  ]
},{
  "accession": "GCA_002813755.1",
  "files": [
    {
      "filePath": "GCA_002813755.1/GCA_002813755.1_ASM281375v1_genomic.fna",
      "fileType": "GENOMIC_NUCLEOTIDE_FASTA",
      "uncompressedLengthBytes": "3548487"
    }
  ]
},{
  "accession": "GCA_029023825.1",
  "files": [
    {
      "filePath": "GCA_029023825.1/GCA_029023825.1_ASM2902382v1_genomic.fna",
      "fileType": "GENOMIC_NUCLEOTIDE_FASTA",
      "uncompressedLengthBytes": "2655327"
    }
  ]
},{
  "accession": "GCA_029983095.1",
  "files": [
    {
      "filePath": "GCA_029983095.1/GCA_029983095.1_ASM2998309v1_genomic.fna",
      "fileType": "GENOMIC_NUCLEOTIDE_FASTA",
      "uncompressedLengthBytes": "2864883"
    }
  ]
},{
  "accession": "GCA_900474605.1",
  "files": [
    {
      "filePath": "GCA_900474605.1/GCA_900474605.1_41594_C01_genomic.fna",
      "fileType": "GENOMIC_NUCLEOTIDE_FASTA",
      "uncompressedLengthBytes": "2451949"
    }
  ]
},{
  "accession": "GCF_002197645.1",
  "files": [
    {
      "filePath": "GCF_002197645.1/GCF_002197645.1_ASM219764v1_genomic.fna",
      "fileType": "GENOMIC_NUCLEOTIDE_FASTA",
      "uncompressedLengthBytes": "4208277"
    }
  ]
},{
  "accession": "GCF_002813755.1",
  "files": [
    {
      "filePath": "GCF_002813755.1/GCF_002813755.1_ASM281375v1_genomic.fna",
      "fileType": "GENOMIC_NUCLEOTIDE_FASTA",
      "uncompressedLengthBytes": "3548502"
    }
  ]
},{
  "accession": "GCF_029023825.1",
  "files": [
    {
      "filePath": "GCF_029023825.1/GCF_029023825.1_ASM2902382v1_genomic.fna",
      "fileType": "GENOMIC_NUCLEOTIDE_FASTA",
      "uncompressedLengthBytes": "2655330"
    }
  ]
},{
  "accession": "GCF_029983095.1",
  "files": [
    {
      "filePath": "GCF_029983095.1/GCF_029983095.1_ASM2998309v1_genomic.fna",
      "fileType": "GENOMIC_NUCLEOTIDE_FASTA",
      "uncompressedLengthBytes": "2864886"
    }
  ]
},{
  "accession": "GCF_900474605.1",
  "files": [
    {
      "filePath": "GCF_900474605.1/GCF_900474605.1_41594_C01_genomic.fna",
      "fileType": "GENOMIC_NUCLEOTIDE_FASTA",
      "uncompressedLengthBytes": "2451953"
    }
  ]
},{
  "accession": "GCA_000157355.2",
  "files": [
    {
      "filePath": "GCA_000157355.2/GCA_000157355.2_ASM15735v2_genomic.fna",
      "fileType": "GENOMIC_NUCLEOTIDE_FASTA",
      "uncompressedLengthBytes": "3470178"
    }
  ]
},{
  "accession": "GCA_009734005.2",
  "files": [
    {
      "filePath": "GCA_009734005.2/GCA_009734005.2_ASM973400v2_genomic.fna",
      "fileType": "GENOMIC_NUCLEOTIDE_FASTA",
      "uncompressedLengthBytes": "2955824"
    }
  ]
},{
  "accession": "GCA_011397115.1",
  "files": [
    {
      "filePath": "GCA_011397115.1/GCA_011397115.1_ASM1139711v1_genomic.fna",
      "fileType": "GENOMIC_NUCLEOTIDE_FASTA",
      "uncompressedLengthBytes": "2880856"
    }
  ]
},{
  "accession": "GCA_019343125.1",
  "files": [
    {
      "filePath": "GCA_019343125.1/GCA_019343125.1_ASM1934312v1_genomic.fna",
      "fileType": "GENOMIC_NUCLEOTIDE_FASTA",
      "uncompressedLengthBytes": "2762327"
    }
  ]
},{
  "accession": "GCF_000157355.2",
  "files": [
    {
      "filePath": "GCF_000157355.2/GCF_000157355.2_ASM15735v2_genomic.fna",
      "fileType": "GENOMIC_NUCLEOTIDE_FASTA",
      "uncompressedLengthBytes": "3470181"
    }
  ]
},{
  "accession": "GCF_009734005.1",
  "files": [
    {
      "filePath": "GCF_009734005.1/GCF_009734005.1_ASM973400v2_genomic.fna",
      "fileType": "GENOMIC_NUCLEOTIDE_FASTA",
      "uncompressedLengthBytes": "2955830"
    }
  ]
},{
  "accession": "GCF_011397115.1",
  "files": [
    {
      "filePath": "GCF_011397115.1/GCF_011397115.1_ASM1139711v1_genomic.fna",
      "fileType": "GENOMIC_NUCLEOTIDE_FASTA",
      "uncompressedLengthBytes": "2880891"
    }
  ]
},{
  "accession": "GCF_019343125.1",
  "files": [
    {
      "filePath": "GCF_019343125.1/GCF_019343125.1_ASM1934312v1_genomic.fna",
      "fileType": "GENOMIC_NUCLEOTIDE_FASTA",
      "uncompressedLengthBytes": "2762333"
    }
  ]
}]}
