Organism Scientific Name	Organism Common Name	Organism Qualifier	Taxonomy id	Assembly Name	Assembly Accession	Source	Annotation	Level	Contig N50	Size	Submission Date	Gene Count	BioProject	BioSample
Enterococcus casseliflavus EC20		strain: EC20	565655	ASM15735v2	GCA_000157355.2	GenBank	Annotation submitted by Broad Institute	Complete Genome	3427276	3427276	2013-04-11	3189	PRJNA32935	SAMN02596921
Enterococcus wangshanyuanii		strain: MN05	2005703	ASM219764v1	GCA_002197645.1	GenBank		Complete Genome	3842361	4155954	2017-06-19		PRJNA388020	SAMN07171652
Enterococcus mundtii		strain: DSM 4838	53346	ASM281375v1	GCA_002813755.1	GenBank	NCBI Prokaryotic Genome Annotation Pipeline (PGAP)	Complete Genome	3357452	3504528	2017-12-07	3222	PRJNA353761	SAMN06020033
Enterococcus faecium		strain: SRR24	1352	ASM973400v2	GCA_009734005.2	GenBank	NCBI Prokaryotic Genome Annotation Pipeline (PGAP)	Complete Genome	2796178	2919198	2020-02-05	3028	PRJNA520784	SAMN10867607
Enterococcus saigonensis		strain: VE80	1805431	ASM1139711v1	GCA_011397115.1	GenBank	Annotation submitted by Osaka Institute of Public Health	Complete Genome	2740356	2844986	2020-02-26	2783	PRJDB9118	SAMD00198474
Enterococcus lactis		strain: CX 2-6_2	357441	ASM1934312v1	GCA_019343125.1	GenBank	NCBI Prokaryotic Genome Annotation Pipeline (PGAP)	Complete Genome	2559204	2728070	2021-07-26	2652	PRJNA741717	SAMN19908122
Enterococcus saccharolyticus subsp. saccharolyticus		strain: DSM 20726	1814218	ASM2902382v1	GCA_029023825.1	GenBank		Complete Genome	2622437	2622437	2023-03-08		PRJNA936091	SAMN33336516
Enterococcus montenegrensis		strain: CoE-012-22	3031993	ASM2998309v1	GCA_029983095.1	GenBank	NCBI Prokaryotic Genome Annotation Pipeline (PGAP)	Complete Genome	2829429	2829429	2023-05-11	2705	PRJNA940651	SAMN33576457
Enterococcus cecorum		strain: NCTC12421	44008	41594_C01	GCA_900474605.1	GenBank	Annotation submitted by SC	Complete Genome	2421598	2421598	2018-06-18	2472	PRJEB6403	SAMEA3529272
Enterococcus casseliflavus EC20		strain: EC20	565655	ASM15735v2	GCF_000157355.2	RefSeq	GCF_000157355.2-RS_2024_03_28	Complete Genome	3427276	3427276	2013-04-11	3190	PRJNA32935	SAMN02596921
Enterococcus wangshanyuanii		strain: MN05	2005703	ASM219764v1	GCF_002197645.1	RefSeq	NCBI Prokaryotic Genome Annotation Pipeline (PGAP)	Complete Genome	3842361	4155954	2017-06-19	4214	PRJNA388020	SAMN07171652
Enterococcus mundtii		strain: DSM 4838	53346	ASM281375v1	GCF_002813755.1	RefSeq	NCBI Prokaryotic Genome Annotation Pipeline (PGAP)	Complete Genome	3357452	3504528	2017-12-07	3267	PRJNA353761	SAMN06020033
Enterococcus faecium		strain: SRR24	1352	ASM973400v2	GCF_009734005.1	RefSeq	GCF_009734005.1-RS_2024_03_28	Complete Genome	2796178	2919198	2020-02-05	2896	PRJNA520784	SAMN10867607
Enterococcus saigonensis		strain: VE80	1805431	ASM1139711v1	GCF_011397115.1	RefSeq	NCBI Prokaryotic Genome Annotation Pipeline (PGAP)	Complete Genome	2740356	2844986	2020-02-26	2768	PRJDB9118	SAMD00198474
Enterococcus lactis		strain: CX 2-6_2	357441	ASM1934312v1	GCF_019343125.1	RefSeq	GCF_019343125.1-RS_2024_03_28	Complete Genome	2559204	2728070	2021-07-26	2676	PRJNA741717	SAMN19908122
Enterococcus saccharolyticus subsp. saccharolyticus		strain: DSM 20726	1814218	ASM2902382v1	GCF_029023825.1	RefSeq	GCF_029023825.1-RS_2024_03_29	Complete Genome	2622437	2622437	2023-03-08	2658	PRJNA936091	SAMN33336516
Enterococcus montenegrensis		strain: CoE-012-22	3031993	ASM2998309v1	GCF_029983095.1	RefSeq	NCBI Prokaryotic Genome Annotation Pipeline (PGAP)	Complete Genome	2829429	2829429	2023-05-11	2707	PRJNA940651	SAMN33576457
Enterococcus cecorum		strain: NCTC12421	44008	41594_C01	GCF_900474605.1	RefSeq	NCBI Prokaryotic Genome Annotation Pipeline (PGAP)	Complete Genome	2421598	2421598	2018-06-18	2453	PRJEB6403	SAMEA3529272
