{
"apiVersion": "V2",
"assemblies": [
{
  "files": [
    {
      "filePath": "data_summary.tsv",
      "fileType": "DATA_TABLE",
      "uncompressedLengthBytes": "600"
    },
    {
      "filePath": "assembly_data_report.jsonl",
      "fileType": "DATA_REPORT",
      "uncompressedLengthBytes": "7701"
    }
  ]
},{
  "accession": "GCA_009035845.1",
  "files": [
    {
      "filePath": "GCA_009035845.1/genomic.gbff",
      "fileType": "GENBANK_FLAT_FILE",
      "uncompressedLengthBytes": "8844316"
    },
    {
      "filePath": "GCA_009035845.1/GCA_009035845.1_ASM903584v1_genomic.fna",
      "fileType": "GENOMIC_NUCLEOTIDE_FASTA",
      "uncompressedLengthBytes": "4049395"
    },
    {
      "filePath": "GCA_009035845.1/genomic.gtf",
      "fileType": "GTF",
      "uncompressedLengthBytes": "4587753"
    },
    {
      "filePath": "GCA_009035845.1/genomic.gff",
      "fileType": "GFF3",
      "uncompressedLengthBytes": "1694797"
    },
    {
      "filePath": "GCA_009035845.1/protein.faa",
      "fileType": "PROTEIN_FASTA",
      "uncompressedLengthBytes": "1447525"
    }
  ]
},{
  "accession": "GCF_009035845.1",
  "files": [
    {
      "filePath": "GCF_009035845.1/genomic.gbff",
      "fileType": "GENBANK_FLAT_FILE",
      "uncompressedLengthBytes": "10532917"
    },
    {
      "filePath": "GCF_009035845.1/GCF_009035845.1_ASM903584v1_genomic.fna",
      "fileType": "GENOMIC_NUCLEOTIDE_FASTA",
      "uncompressedLengthBytes": "4049404"
    },
    {
      "filePath": "GCF_009035845.1/genomic.gtf",
      "fileType": "GTF",
      "uncompressedLengthBytes": "6686282"
    },
    {
      "filePath": "GCF_009035845.1/genomic.gff",
      "fileType": "GFF3",
      "uncompressedLengthBytes": "2463305"
    },
    {
      "filePath": "GCF_009035845.1/protein.faa",
      "fileType": "PROTEIN_FASTA",
      "uncompressedLengthBytes": "1452798"
    }
  ]
}]}
