{
"apiVersion": "V2",
"assemblies": [
{
  "files": [
    {
      "filePath": "data_summary.tsv",
      "fileType": "DATA_TABLE",
      "uncompressedLengthBytes": "589"
    },
    {
      "filePath": "assembly_data_report.jsonl",
      "fileType": "DATA_REPORT",
      "uncompressedLengthBytes": "7979"
    }
  ]
},{
  "accession": "GCA_000006765.1",
  "files": [
    {
      "filePath": "GCA_000006765.1/genomic.gbff",
      "fileType": "GENBANK_FLAT_FILE",
      "uncompressedLengthBytes": "13978310"
    },
    {
      "filePath": "GCA_000006765.1/GCA_000006765.1_ASM676v1_genomic.fna",
      "fileType": "GENOMIC_NUCLEOTIDE_FASTA",
      "uncompressedLengthBytes": "6342767"
    },
    {
      "filePath": "GCA_000006765.1/genomic.gtf",
      "fileType": "GTF",
      "uncompressedLengthBytes": "7546245"
    },
    {
      "filePath": "GCA_000006765.1/genomic.gff",
      "fileType": "GFF3",
      "uncompressedLengthBytes": "2866709"
    },
    {
      "filePath": "GCA_000006765.1/protein.faa",
      "fileType": "PROTEIN_FASTA",
      "uncompressedLengthBytes": "2296374"
    }
  ]
},{
  "accession": "GCF_000006765.1",
  "files": [
    {
      "filePath": "GCF_000006765.1/genomic.gbff",
      "fileType": "GENBANK_FLAT_FILE",
      "uncompressedLengthBytes": "14682000"
    },
    {
      "filePath": "GCF_000006765.1/GCF_000006765.1_ASM676v1_genomic.fna",
      "fileType": "GENOMIC_NUCLEOTIDE_FASTA",
      "uncompressedLengthBytes": "6342768"
    },
    {
      "filePath": "GCF_000006765.1/genomic.gtf",
      "fileType": "GTF",
      "uncompressedLengthBytes": "7646348"
    },
    {
      "filePath": "GCF_000006765.1/genomic.gff",
      "fileType": "GFF3",
      "uncompressedLengthBytes": "3243384"
    },
    {
      "filePath": "GCF_000006765.1/protein.faa",
      "fileType": "PROTEIN_FASTA",
      "uncompressedLengthBytes": "2288422"
    }
  ]
}]}
