{
"apiVersion": "V2",
"assemblies": [
{
  "files": [
    {
      "filePath": "data_summary.tsv",
      "fileType": "DATA_TABLE",
      "uncompressedLengthBytes": "3767"
    },
    {
      "filePath": "assembly_data_report.jsonl",
      "fileType": "DATA_REPORT",
      "uncompressedLengthBytes": "68008"
    }
  ]
},{
  "accession": "GCA_002277935.1",
  "files": [
    {
      "filePath": "GCA_002277935.1/GCA_002277935.1_ASM227793v1_genomic.fna",
      "fileType": "GENOMIC_NUCLEOTIDE_FASTA",
      "uncompressedLengthBytes": "3026445"
    }
  ]
},{
  "accession": "GCA_002278015.2",
  "files": [
    {
      "filePath": "GCA_002278015.2/GCA_002278015.2_ASM227801v2_genomic.fna",
      "fileType": "GENOMIC_NUCLEOTIDE_FASTA",
      "uncompressedLengthBytes": "2881301"
    }
  ]
},{
  "accession": "GCA_002290025.1",
  "files": [
    {
      "filePath": "GCA_002290025.1/GCA_002290025.1_ASM229002v1_genomic.fna",
      "fileType": "GENOMIC_NUCLEOTIDE_FASTA",
      "uncompressedLengthBytes": "2679407"
    }
  ]
},{
  "accession": "GCA_019175485.1",
  "files": [
    {
      "filePath": "GCA_019175485.1/GCA_019175485.1_ASM1917548v1_genomic.fna",
      "fileType": "GENOMIC_NUCLEOTIDE_FASTA",
      "uncompressedLengthBytes": "4309287"
    }
  ]
},{
  "accession": "GCA_021496385.1",
  "files": [
    {
      "filePath": "GCA_021496385.1/GCA_021496385.1_ASM2149638v1_genomic.fna",
      "fileType": "GENOMIC_NUCLEOTIDE_FASTA",
      "uncompressedLengthBytes": "3532141"
    }
  ]
},{
  "accession": "GCF_002277935.1",
  "files": [
    {
      "filePath": "GCF_002277935.1/GCF_002277935.1_ASM227793v1_genomic.fna",
      "fileType": "GENOMIC_NUCLEOTIDE_FASTA",
      "uncompressedLengthBytes": "3026451"
    }
  ]
},{
  "accession": "GCF_002278015.2",
  "files": [
    {
      "filePath": "GCF_002278015.2/GCF_002278015.2_ASM227801v2_genomic.fna",
      "fileType": "GENOMIC_NUCLEOTIDE_FASTA",
      "uncompressedLengthBytes": "2881304"
    }
  ]
},{
  "accession": "GCF_002290025.1",
  "files": [
    {
      "filePath": "GCF_002290025.1/GCF_002290025.1_ASM229002v1_genomic.fna",
      "fileType": "GENOMIC_NUCLEOTIDE_FASTA",
      "uncompressedLengthBytes": "2679410"
    }
  ]
},{
  "accession": "GCF_019175485.1",
  "files": [
    {
      "filePath": "GCF_019175485.1/GCF_019175485.1_ASM1917548v1_genomic.fna",
      "fileType": "GENOMIC_NUCLEOTIDE_FASTA",
      "uncompressedLengthBytes": "4309296"
    }
  ]
},{
  "accession": "GCF_021496385.1",
  "files": [
    {
      "filePath": "GCF_021496385.1/GCF_021496385.1_ASM2149638v1_genomic.fna",
      "fileType": "GENOMIC_NUCLEOTIDE_FASTA",
      "uncompressedLengthBytes": "3532150"
    }
  ]
},{
  "accession": "GCA_001465345.1",
  "files": [
    {
      "filePath": "GCA_001465345.1/GCA_001465345.1_ASM146534v1_genomic.fna",
      "fileType": "GENOMIC_NUCLEOTIDE_FASTA",
      "uncompressedLengthBytes": "3792993"
    }
  ]
},{
  "accession": "GCA_001730315.1",
  "files": [
    {
      "filePath": "GCA_001730315.1/GCA_001730315.1_ASM173031v1_genomic.fna",
      "fileType": "GENOMIC_NUCLEOTIDE_FASTA",
      "uncompressedLengthBytes": "3519992"
    }
  ]
},{
  "accession": "GCA_003343305.1",
  "files": [
    {
      "filePath": "GCA_003343305.1/GCA_003343305.1_ASM334330v1_genomic.fna",
      "fileType": "GENOMIC_NUCLEOTIDE_FASTA",
      "uncompressedLengthBytes": "3994942"
    }
  ]
},{
  "accession": "GCA_022846515.1",
  "files": [
    {
      "filePath": "GCA_022846515.1/GCA_022846515.1_ASM2284651v1_genomic.fna",
      "fileType": "GENOMIC_NUCLEOTIDE_FASTA",
      "uncompressedLengthBytes": "3643611"
    }
  ]
},{
  "accession": "GCF_001465345.1",
  "files": [
    {
      "filePath": "GCF_001465345.1/GCF_001465345.1_ASM146534v1_genomic.fna",
      "fileType": "GENOMIC_NUCLEOTIDE_FASTA",
      "uncompressedLengthBytes": "3793000"
    }
  ]
},{
  "accession": "GCF_001730315.1",
  "files": [
    {
      "filePath": "GCF_001730315.1/GCF_001730315.1_ASM173031v1_genomic.fna",
      "fileType": "GENOMIC_NUCLEOTIDE_FASTA",
      "uncompressedLengthBytes": "3520118"
    }
  ]
},{
  "accession": "GCF_003343305.1",
  "files": [
    {
      "filePath": "GCF_003343305.1/GCF_003343305.1_ASM334330v1_genomic.fna",
      "fileType": "GENOMIC_NUCLEOTIDE_FASTA",
      "uncompressedLengthBytes": "3994954"
    }
  ]
},{
  "accession": "GCF_022846515.1",
  "files": [
    {
      "filePath": "GCF_022846515.1/GCF_022846515.1_ASM2284651v1_genomic.fna",
      "fileType": "GENOMIC_NUCLEOTIDE_FASTA",
      "uncompressedLengthBytes": "3643636"
    }
  ]
}]}
