Organism Scientific Name	Organism Common Name	Organism Qualifier	Taxonomy id	Assembly Name	Assembly Accession	Source	Annotation	Level	Contig N50	Size	Submission Date	Gene Count	BioProject	BioSample
Enterococcus rotai		strain: LMG 26678	118060	ASM146534v1	GCA_001465345.1	GenBank	NCBI Prokaryotic Genome Annotation Pipeline (PGAP)	Chromosome	408318	3746111	2015-12-11	3323	PRJNA226735	SAMN04296136
Enterococcus ureilyticus		strain: LMG 26676	1131292	ASM173031v1	GCA_001730315.1	GenBank	NCBI Prokaryotic Genome Annotation Pipeline (PGAP)	Contig	217148	3472706	2016-09-16	3261	PRJNA330680	SAMN05420589
Enterococcus durans		strain: BDGP3	53345	ASM227793v1	GCA_002277935.1	GenBank	NCBI Prokaryotic Genome Annotation Pipeline (PGAP)	Complete Genome	2983334	2988928	2017-08-30	2866	PRJNA397225	SAMN07510606
Enterococcus hirae		strain: FDAARGOS_234	1354	ASM227801v2	GCA_002278015.2	GenBank	NCBI Prokaryotic Genome Annotation Pipeline (PGAP)	Complete Genome	2845651	2845651	2018-02-23	2589	PRJNA231221	SAMN04875571
Enterococcus thailandicus		strain: a523	417368	ASM229002v1	GCA_002290025.1	GenBank	NCBI Prokaryotic Genome Annotation Pipeline (PGAP)	Complete Genome	2646250	2646250	2017-09-12	2499	PRJNA400701	SAMN07572979
Enterococcus gilvus		strain: CR1	160453	ASM334330v1	GCA_003343305.1	GenBank	NCBI Prokaryotic Genome Annotation Pipeline (PGAP)	Complete Genome	2863043	3945324	2018-07-26	3844	PRJNA480543	SAMN09639249
Enterococcus raffinosus		strain: F162_2	71452	ASM1917548v1	GCA_019175485.1	GenBank	NCBI Prokaryotic Genome Annotation Pipeline (PGAP)	Complete Genome	3032004	4255835	2021-07-08	4110	PRJNA719983	SAMN18631319
Enterococcus gallinarum		strain: EG81	1353	ASM2149638v1	GCA_021496385.1	GenBank	NCBI Prokaryotic Genome Annotation Pipeline (PGAP)	Complete Genome	3433237	3488294	2022-01-18	3365	PRJNA622390	SAMN14513841
Enterococcus innesii		strain: DB-1	2839759	ASM2284651v1	GCA_022846515.1	GenBank	Annotation submitted by Medical Affairs, Glaxosmithkline	Complete Genome	3514102	3598496	2022-03-11	3421	PRJDB12955	SAMD00442138
Enterococcus rotai		strain: LMG 26678	118060	ASM146534v1	GCF_001465345.1	RefSeq	NCBI Prokaryotic Genome Annotation Pipeline (PGAP)	Chromosome	408318	3746111	2015-12-11	3352	PRJNA226735	SAMN04296136
Enterococcus ureilyticus		strain: LMG 26676	1131292	ASM173031v1	GCF_001730315.1	RefSeq	GCF_001730315.1-RS_2024_04_26	Contig	217148	3472706	2016-09-16	3318	PRJNA330680	SAMN05420589
Enterococcus durans		strain: BDGP3	53345	ASM227793v1	GCF_002277935.1	RefSeq	NCBI Prokaryotic Genome Annotation Pipeline (PGAP)	Complete Genome	2983334	2988928	2017-08-30	2841	PRJNA397225	SAMN07510606
Enterococcus hirae		strain: FDAARGOS_234	1354	ASM227801v2	GCF_002278015.2	RefSeq	NCBI Prokaryotic Genome Annotation Pipeline (PGAP)	Complete Genome	2845651	2845651	2018-02-23	2580	PRJNA231221	SAMN04875571
Enterococcus thailandicus		strain: a523	417368	ASM229002v1	GCF_002290025.1	RefSeq	GCF_002290025.1-RS_2024_04_27	Complete Genome	2646250	2646250	2017-09-12	2507	PRJNA400701	SAMN07572979
Enterococcus gilvus		strain: CR1	160453	ASM334330v1	GCF_003343305.1	RefSeq	GCF_003343305.1-RS_2024_03_28	Complete Genome	2863043	3945324	2018-07-26	3859	PRJNA480543	SAMN09639249
Enterococcus raffinosus		strain: F162_2	71452	ASM1917548v1	GCF_019175485.1	RefSeq	GCF_019175485.1-RS_2024_04_28	Complete Genome	3032004	4255835	2021-07-08	4127	PRJNA719983	SAMN18631319
Enterococcus gallinarum		strain: EG81	1353	ASM2149638v1	GCF_021496385.1	RefSeq	NCBI Prokaryotic Genome Annotation Pipeline (PGAP)	Complete Genome	3433237	3488294	2022-01-18	3380	PRJNA622390	SAMN14513841
Enterococcus innesii		strain: DB-1	2839759	ASM2284651v1	GCF_022846515.1	RefSeq	GCF_022846515.1-RS_2024_08_09	Complete Genome	3514102	3598496	2022-03-11	3380	PRJDB12955	SAMD00442138
